image_index,predicted_class
0,3
1,8
2,0
3,0
4,6
5,6
6,5
7,2
8,3
9,1
10,0
11,9
12,5
13,7
14,9
15,8
16,5
17,5
18,8
19,6
20,7
21,0
22,0
23,9
24,4
25,6
26,7
27,0
28,9
29,6
30,6
31,5
32,2
33,3
34,9
35,9
36,5
37,0
38,9
39,5
40,4
41,6
42,3
43,6
44,0
45,9
46,3
47,5
48,7
49,4
50,9
51,8
52,5
53,4
54,8
55,8
56,3
57,5
58,3
59,3
60,7
61,3
62,6
63,2
64,6
65,2
66,8
67,2
68,9
69,7
70,4
71,6
72,8
73,8
74,0
75,2
76,0
77,3
78,5
79,8
80,8
81,9
82,1
83,7
84,5
85,7
86,3
87,9
88,8
89,9
90,0
91,3
92,8
93,6
94,4
95,6
96,6
97,0
98,0
99,7
100,4
101,5
102,6
103,3
104,1
105,1
106,3
107,6
108,8
109,5
110,4
111,0
112,2
113,2
114,5
115,0
116,0
117,4
118,7
119,5
120,8
121,5
122,1
123,2
124,8
125,2
126,4
127,3
128,3
129,2
130,4
131,1
132,8
133,9
134,1
135,2
136,9
137,7
138,2
139,8
140,3
141,5
142,6
143,3
144,8
145,0
146,6
147,5
148,5
149,2
150,0
151,1
152,6
153,0
154,0
155,5
156,2
157,9
158,3
159,4
160,2
161,1
162,6
163,6
164,0
165,7
166,8
167,4
168,5
169,0
170,9
171,9
172,9
173,8
174,9
175,9
176,3
177,7
178,3
179,0
180,8
181,5
182,2
183,6
184,3
185,8
186,6
187,3
188,3
189,8
190,3
191,4
192,0
193,1
194,5
195,2
196,8
197,8
198,7
199,8
200,5
201,1
202,8
203,7
204,1
205,3
206,0
207,5
208,7
209,9
210,5
211,7
212,3
213,9
214,8
215,4
216,0
217,9
218,0
219,4
220,7
221,4
222,9
223,4
224,3
225,9
226,7
227,4
228,7
229,2
230,5
231,1
232,3
233,1
234,8
235,0
236,2
237,9
238,5
239,5
240,1
241,1
242,8
243,9
244,0
245,2
246,1
247,8
248,2
249,2
250,5
251,5
252,9
253,9
254,2
255,0
256,3
257,0
258,8
259,9
260,6
261,1
262,0
263,5
264,0
265,8
266,2
267,4
268,7
269,3
270,2
271,3
272,6
273,5
274,8
275,5
276,0
277,3
278,4
279,5
280,9
281,0
282,6
283,1
284,0
285,9
286,1
287,8
288,7
289,9
290,1
291,2
292,2
293,1
294,3
295,4
296,6
297,0
298,0
299,6
300,6
301,4
302,2
303,2
304,6
305,1
306,9
307,4
308,9
309,4
310,8
311,6
312,8
313,0
314,4
315,0
316,7
317,7
318,5
319,5
320,3
321,3
322,2
323,5
324,4
325,1
326,7
327,5
328,4
329,6
330,1
331,9
332,4
333,6
334,6
335,9
336,3
337,8
338,0
339,7
340,2
341,6
342,2
343,5
344,8
345,5
346,4
347,6
348,8
349,9
350,9
351,1
352,8
353,2
354,2
355,3
356,5
357,2
358,1
359,0
360,9
361,5
362,8
363,0
364,9
365,4
366,1
367,3
368,0
369,1
370,4
371,7
372,9
373,4
374,2
375,7
376,0
377,4
378,6
379,6
380,6
381,9
382,0
383,8
384,5
385,8
386,7
387,5
388,5
389,5
390,1
391,2
392,6
393,2
394,9
395,6
396,5
397,5
398,0
399,1
400,9
401,8
402,7
403,8
404,8
405,4
406,0
407,1
408,8
409,2
410,7
411,8
412,3
413,6
414,1
415,9
416,0
417,0
418,3
419,7
420,4
421,5
422,8
423,3
424,2
425,9
426,6
427,5
428,8
429,6
430,2
431,3
432,3
433,3
434,7
435,7
436,5
437,5
438,3
439,9
440,1
441,2
442,9
443,9
444,5
445,7
446,5
447,0
448,2
449,0
450,1
451,9
452,7
453,3
454,9
455,4
456,4
457,5
458,4
459,8
460,5
461,6
462,1
463,4
464,3
465,4
466,4
467,3
468,7
469,8
470,3
471,7
472,8
473,0
474,2
475,7
476,6
477,0
478,2
479,4
480,8
481,6
482,8
483,5
484,5
485,0
486,9
487,9
488,4
489,0
490,1
491,0
492,8
493,1
494,1
495,8
496,0
497,2
498,2
499,2
500,7
501,6
502,5
503,4
504,9
505,4
506,7
507,9
508,9
509,4
510,5
511,6
512,6
513,1
514,5
515,3
516,8
517,9
518,3
519,8
520,5
521,7
522,0
523,7
524,0
525,5
526,4
527,0
528,4
529,4
530,9
531,5
532,1
533,5
534,6
535,6
536,6
537,2
538,9
539,0
540,1
541,7
542,6
543,7
544,5
545,9
546,1
547,6
548,2
549,5
550,5
551,5
552,8
553,3
554,9
555,4
556,6
557,4
558,3
559,2
560,0
561,7
562,6
563,4
564,4
565,3
566,9
567,4
568,9
569,2
570,2
571,7
572,1
573,8
574,3
575,6
576,8
577,8
578,7
579,5
580,4
581,0
582,8
583,4
584,0
585,9
586,3
587,4
588,8
589,9
590,6
591,9
592,2
593,6
594,1
595,4
596,7
597,3
598,6
599,3
600,8
601,5
602,0
603,2
604,1
605,6
606,4
607,3
608,3
609,9
610,6
611,9
612,8
613,8
614,5
615,8
616,5
617,6
618,2
619,1
620,7
621,7
622,1
623,4
624,7
625,9
626,9
627,4
628,4
629,1
630,8
631,2
632,6
633,8
634,7
635,6
636,8
637,3
638,0
639,7
640,5
641,3
642,7
643,7
644,9
645,1
646,3
647,5
648,4
649,5
650,3
651,9
652,5
653,6
654,9
655,4
656,1
657,6
658,4
659,1
660,9
661,4
662,7
663,2
664,3
665,0
666,9
667,0
668,1
669,5
670,6
671,5
672,2
673,3
674,2
675,0
676,3
677,1
678,2
679,5
680,1
681,6
682,2
683,1
684,9
685,2
686,9
687,2
688,6
689,6
690,3
691,2
692,0
693,7
694,8
695,3
696,8
697,2
698,7
699,5
700,7
701,2
702,4
703,0
704,7
705,4
706,2
707,9
708,8
709,8
710,6
711,0
712,8
713,7
714,4
715,5
716,3
717,8
718,3
719,9
720,4
721,8
722,8
723,1
724,8
725,8
726,1
727,2
728,6
729,5
730,5
731,2
732,7
733,9
734,9
735,4
736,1
737,2
738,1
739,5
740,5
741,7
742,0
743,7
744,6
745,7
746,6
747,6
748,2
749,3
750,9
751,0
752,9
753,1
754,2
755,5
756,6
757,8
758,2
759,1
760,3
761,6
762,6
763,0
764,1
765,2
766,4
767,0
768,5
769,4
770,5
771,9
772,6
773,4
774,2
775,2
776,5
777,6
778,0
779,5
780,9
781,1
782,7
783,6
784,7
785,0
786,3
787,9
788,2
789,8
790,0
791,0
792,7
793,3
794,7
795,7
796,3
797,4
798,2
799,4
800,7
801,1
802,2
803,7
804,4
805,4
806,8
807,4
808,7
809,7
810,5
811,3
812,7
813,2
814,0
815,8
816,9
817,3
818,8
819,2
820,2
821,4
822,0
823,8
824,7
825,6
826,7
827,6
828,5
829,3
830,0
831,3
832,2
833,5
834,5
835,4
836,0
837,5
838,9
839,2
840,7
841,0
842,7
843,2
844,8
845,3
846,5
847,0
848,6
849,4
850,3
851,9
852,8
853,1
854,0
855,7
856,7
857,0
858,7
859,8
860,4
861,6
862,6
863,3
864,0
865,1
866,5
867,7
868,0
869,1
870,3
871,1
872,4
873,2
874,3
875,8
876,4
877,5
878,4
879,7
880,8
881,3
882,0
883,0
884,9
885,2
886,0
887,1
888,8
889,4
890,4
891,4
892,7
893,3
894,1
895,1
896,3
897,7
898,3
899,5
900,6
901,6
902,6
903,5
904,0
905,7
906,1
907,6
908,8
909,8
910,2
911,3
912,3
913,4
914,0
915,1
916,4
917,8
918,8
919,0
920,2
921,9
922,4
923,9
924,0
925,5
926,2
927,6
928,0
929,0
930,4
931,2
932,3
933,3
934,7
935,2
936,5
937,5
938,9
939,8
940,9
941,4
942,7
943,2
944,0
945,5
946,0
947,6
948,2
949,8
950,3
951,9
952,2
953,9
954,4
955,7
956,0
957,6
958,7
959,8
960,9
961,1
962,1
963,6
964,6
965,6
966,3
967,0
968,1
969,9
970,9
971,4
972,5
973,1
974,7
975,0
976,6
977,0
978,8
979,9
980,2
981,1
982,5
983,4
984,7
985,8
986,3
987,1
988,2
989,0
990,1
991,5
992,8
993,3
994,5
995,3
996,0
997,8
998,3
999,8
1000,6
1001,0
1002,9
1003,4
1004,8
1005,1
1006,1
1007,8
1008,9
1009,6
1010,0
1011,8
1012,6
1013,1
1014,3
1015,4
1016,1
1017,6
1018,0
1019,3
1020,1
1021,1
1022,0
1023,2
1024,5
1025,5
1026,0
1027,0
1028,6
1029,6
1030,3
1031,3
1032,2
1033,3
1034,5
1035,4
1036,4
1037,7
1038,2
1039,2
1040,3
1041,5
1042,2
1043,4
1044,0
1045,5
1046,2
1047,1
1048,1
1049,1
1050,5
1051,2
1052,0
1053,3
1054,1
1055,5
1056,5
1057,5
1058,6
1059,8
1060,9
1061,1
1062,6
1063,4
1064,5
1065,2
1066,9
1067,0
1068,9
1069,6
1070,3
1071,6
1072,8
1073,7
1074,6
1075,8
1076,0
1077,0
1078,0
1079,6
1080,6
1081,6
1082,9
1083,2
1084,5
1085,4
1086,4
1087,6
1088,5
1089,6
1090,0
1091,8
1092,3
1093,0
1094,6
1095,2
1096,7
1097,5
1098,1
1099,2
1100,7
1101,8
1102,8
1103,0
1104,9
1105,3
1106,9
1107,7
1108,2
1109,0
1110,2
1111,8
1112,2
1113,8
1114,9
1115,9
1116,5
1117,5
1118,4
1119,7
1120,5
1121,2
1122,8
1123,5
1124,5
1125,6
1126,0
1127,8
1128,5
1129,3
1130,7
1131,9
1132,2
1133,4
1134,1
1135,6
1136,1
1137,4
1138,7
1139,8
1140,6
1141,1
1142,8
1143,6
1144,1
1145,4
1146,2
1147,4
1148,2
1149,7
1150,4
1151,2
1152,0
1153,8
1154,2
1155,9
1156,0
1157,1
1158,1
1159,8
1160,0
1161,0
1162,7
1163,5
1164,8
1165,0
1166,3
1167,3
1168,3
1169,7
1170,7
1171,9
1172,2
1173,3
1174,1
1175,9
1176,1
1177,9
1178,2
1179,3
1180,3
1181,2
1182,1
1183,0
1184,3
1185,1
1186,4
1187,1
1188,0
1189,0
1190,9
1191,1
1192,6
1193,2
1194,4
1195,6
1196,2
1197,0
1198,7
1199,9
1200,8
1201,7
1202,5
1203,8
1204,6
1205,8
1206,1
1207,8
1208,9
1209,7
1210,0
1211,6
1212,1
1213,8
1214,5
1215,7
1216,8
1217,4
1218,8
1219,5
1220,3
1221,8
1222,1
1223,0
1224,4
1225,4
1226,6
1227,3
1228,4
1229,1
1230,5
1231,9
1232,1
1233,4
1234,1
1235,5
1236,5
1237,0
1238,1
1239,5
1240,2
1241,0
1242,1
1243,8
1244,7
1245,3
1246,7
1247,2
1248,4
1249,4
1250,7
1251,2
1252,5
1253,8
1254,2
1255,4
1256,9
1257,2
1258,1
1259,8
1260,1
1261,0
1262,8
1263,0
1264,8
1265,1
1266,0
1267,4
1268,3
1269,3
1270,9
1271,8
1272,4
1273,6
1274,3
1275,3
1276,1
1277,2
1278,2
1279,8
1280,3
1281,8
1282,9
1283,5
1284,8
1285,1
1286,8
1287,9
1288,1
1289,6
1290,5
1291,9
1292,4
1293,4
1294,8
1295,0
1296,7
1297,0
1298,9
1299,7
1300,4
1301,1
1302,6
1303,6
1304,8
1305,9
1306,3
1307,2
1308,5
1309,6
1310,0
1311,8
1312,6
1313,1
1314,9
1315,2
1316,5
1317,9
1318,3
1319,2
1320,7
1321,2
1322,0
1323,0
1324,4
1325,4
1326,6
1327,6
1328,3
1329,5
1330,2
1331,8
1332,1
1333,2
1334,2
1335,1
1336,4
1337,5
1338,6
1339,3
1340,1
1341,4
1342,3
1343,0
1344,9
1345,4
1346,9
1347,8
1348,3
1349,8
1350,6
1351,7
1352,2
1353,2
1354,1
1355,5
1356,3
1357,9
1358,8
1359,9
1360,7
1361,9
1362,5
1363,1
1364,4
1365,0
1366,8
1367,2
1368,4
1369,8
1370,9
1371,1
1372,9
1373,5
1374,2
1375,4
1376,1
1377,3
1378,1
1379,7
1380,4
1381,6
1382,0
1383,2
1384,9
1385,5
1386,3
1387,9
1388,5
1389,4
1390,6
1391,2
1392,2
1393,3
1394,3
1395,3
1396,1
1397,0
1398,7
1399,0
1400,3
1401,4
1402,7
1403,4
1404,1
1405,1
1406,9
1407,8
1408,1
1409,0
1410,1
1411,4
1412,1
1413,1
1414,1
1415,7
1416,5
1417,9
1418,3
1419,8
1420,4
1421,6
1422,8
1423,4
1424,9
1425,5
1426,7
1427,1
1428,7
1429,3
1430,8
1431,4
1432,9
1433,7
1434,0
1435,6
1436,6
1437,1
1438,8
1439,1
1440,2
1441,4
1442,3
1443,4
1444,1
1445,4
1446,0
1447,8
1448,4
1449,6
1450,2
1451,3
1452,6
1453,5
1454,5
1455,6
1456,2
1457,1
1458,1
1459,8
1460,6
1461,0
1462,4
1463,0
1464,1
1465,9
1466,7
1467,1
1468,3
1469,7
1470,2
1471,8
1472,7
1473,7
1474,9
1475,9
1476,7
1477,7
1478,7
1479,0
1480,8
1481,2
1482,8
1483,6
1484,4
1485,0
1486,7
1487,9
1488,8
1489,6
1490,8
1491,4
1492,9
1493,1
1494,7
1495,2
1496,2
1497,8
1498,3
1499,8
1500,1
1501,3
1502,2
1503,4
1504,1
1505,2
1506,7
1507,0
1508,8
1509,1
1510,8
1511,1
1512,8
1513,6
1514,0
1515,2
1516,2
1517,1
1518,3
1519,6
1520,7
1521,4
1522,4
1523,4
1524,3
1525,3
1526,4
1527,3
1528,2
1529,5
1530,9
1531,7
1532,8
1533,4
1534,4
1535,4
1536,3
1537,4
1538,2
1539,2
1540,8
1541,4
1542,5
1543,5
1544,4
1545,9
1546,4
1547,0
1548,3
1549,7
1550,9
1551,4
1552,5
1553,4
1554,4
1555,0
1556,8
1557,8
1558,4
1559,5
1560,7
1561,5
1562,6
1563,9
1564,1
1565,6
1566,7
1567,3
1568,9
1569,1
1570,7
1571,5
1572,5
1573,0
1574,0
1575,2
1576,4
1577,3
1578,6
1579,0
1580,6
1581,8
1582,9
1583,1
1584,7
1585,7
1586,5
1587,2
1588,5
1589,6
1590,2
1591,1
1592,4
1593,5
1594,3
1595,6
1596,0
1597,3
1598,7
1599,5
1600,8
1601,9
1602,7
1603,2
1604,1
1605,2
1606,3
1607,9
1608,4
1609,4
1610,3
1611,3
1612,6
1613,8
1614,1
1615,7
1616,7
1617,0
1618,7
1619,4
1620,8
1621,1
1622,2
1623,2
1624,4
1625,3
1626,9
1627,9
1628,4
1629,9
1630,9
1631,1
1632,8
1633,8
1634,6
1635,7
1636,5
1637,3
1638,4
1639,9
1640,7
1641,6
1642,5
1643,9
1644,6
1645,4
1646,0
1647,7
1648,8
1649,6
1650,5
1651,0
1652,0
1653,9
1654,9
1655,8
1656,3
1657,5
1658,4
1659,8
1660,3
1661,6
1662,3
1663,6
1664,0
1665,6
1666,6
1667,6
1668,9
1669,6
1670,0
1671,8
1672,6
1673,6
1674,4
1675,5
1676,8
1677,1
1678,2
1679,7
1680,6
1681,5
1682,7
1683,8
1684,8
1685,6
1686,8
1687,0
1688,6
1689,9
1690,2
1691,8
1692,9
1693,8
1694,0
1695,9
1696,4
1697,9
1698,5
1699,7
1700,4
1701,5
1702,9
1703,5
1704,0
1705,0
1706,1
1707,9
1708,2
1709,2
1710,4
1711,1
1712,0
1713,8
1714,2
1715,2
1716,1
1717,7
1718,0
1719,0
1720,4
1721,8
1722,6
1723,5
1724,2
1725,0
1726,0
1727,8
1728,0
1729,8
1730,4
1731,3
1732,1
1733,3
1734,9
1735,0
1736,3
1737,2
1738,3
1739,9
1740,1
1741,5
1742,8
1743,1
1744,0
1745,5
1746,4
1747,0
1748,0
1749,2
1750,8
1751,1
1752,5
1753,6
1754,7
1755,7
1756,2
1757,6
1758,2
1759,5
1760,0
1761,1
1762,4
1763,2
1764,4
1765,2
1766,6
1767,5
1768,2
1769,1
1770,4
1771,2
1772,8
1773,5
1774,5
1775,3
1776,0
1777,4
1778,8
1779,5
1780,0
1781,6
1782,2
1783,8
1784,1
1785,0
1786,1
1787,0
1788,5
1789,0
1790,4
1791,6
1792,9
1793,5
1794,3
1795,6
1796,0
1797,1
1798,4
1799,4
1800,4
1801,4
1802,2
1803,5
1804,4
1805,8
1806,1
1807,7
1808,9
1809,8
1810,1
1811,1
1812,5
1813,3
1814,9
1815,9
1816,2
1817,6
1818,5
1819,0
1820,8
1821,4
1822,7
1823,3
1824,9
1825,2
1826,8
1827,4
1828,7
1829,9
1830,2
1831,9
1832,6
1833,8
1834,9
1835,3
1836,4
1837,6
1838,6
1839,7
1840,8
1841,9
1842,4
1843,8
1844,9
1845,7
1846,2
1847,5
1848,3
1849,7
1850,3
1851,0
1852,4
1853,9
1854,3
1855,5
1856,8
1857,5
1858,3
1859,2
1860,5
1861,8
1862,4
1863,5
1864,7
1865,7
1866,8
1867,6
1868,7
1869,8
1870,0
1871,3
1872,8
1873,6
1874,8
1875,0
1876,2
1877,3
1878,1
1879,0
1880,1
1881,9
1882,1
1883,3
1884,6
1885,2
1886,8
1887,3
1888,2
1889,9
1890,6
1891,8
1892,6
1893,9
1894,3
1895,0
1896,9
1897,0
1898,6
1899,7
1900,8
1901,5
1902,2
1903,0
1904,1
1905,2
1906,5
1907,1
1908,5
1909,2
1910,4
1911,4
1912,0
1913,9
1914,9
1915,9
1916,9
1917,8
1918,2
1919,4
1920,2
1921,0
1922,5
1923,1
1924,3
1925,1
1926,0
1927,9
1928,4
1929,4
1930,8
1931,6
1932,0
1933,5
1934,7
1935,4
1936,7
1937,9
1938,0
1939,5
1940,5
1941,7
1942,4
1943,8
1944,4
1945,7
1946,8
1947,3
1948,5
1949,0
1950,5
1951,7
1952,4
1953,4
1954,4
1955,7
1956,7
1957,7
1958,6
1959,0
1960,2
1961,7
1962,6
1963,2
1964,5
1965,9
1966,7
1967,4
1968,8
1969,9
1970,1
1971,4
1972,2
1973,0
1974,6
1975,6
1976,5
1977,5
1978,6
1979,3
1980,9
1981,5
1982,6
1983,2
1984,7
1985,2
1986,2
1987,9
1988,5
1989,5
1990,4
1991,1
1992,6
1993,2
1994,8
1995,2
1996,3
1997,0
1998,8
1999,5
2000,1
2001,3
2002,7
2003,6
2004,7
2005,5
2006,7
2007,8
2008,9
2009,1
2010,3
2011,4
2012,5
2013,6
2014,8
2015,4
2016,6
2017,5
2018,2
2019,9
2020,9
2021,8
2022,5
2023,5
2024,6
2025,4
2026,5
2027,9
2028,7
2029,5
2030,4
2031,1
2032,4
2033,4
2034,2
2035,3
2036,3
2037,2
2038,5
2039,1
2040,0
2041,0
2042,1
2043,8
2044,3
2045,1
2046,5
2047,3
2048,8
2049,4
2050,8
2051,5
2052,8
2053,6
2054,3
2055,5
2056,5
2057,5
2058,8
2059,8
2060,3
2061,4
2062,7
2063,1
2064,8
2065,4
2066,4
2067,4
2068,3
2069,4
2070,2
2071,9
2072,6
2073,2
2074,2
2075,4
2076,3
2077,0
2078,5
2079,0
2080,1
2081,5
2082,2
2083,3
2084,7
2085,0
2086,1
2087,0
2088,7
2089,7
2090,2
2091,0
2092,1
2093,6
2094,5
2095,0
2096,2
2097,2
2098,0
2099,1
2100,2
2101,6
2102,0
2103,1
2104,6
2105,6
2106,3
2107,3
2108,5
2109,0
2110,0
2111,9
2112,1
2113,0
2114,2
2115,5
2116,9
2117,7
2118,8
2119,6
2120,2
2121,6
2122,0
2123,2
2124,0
2125,1
2126,9
2127,4
2128,6
2129,9
2130,0
2131,7
2132,5
2133,3
2134,4
2135,8
2136,9
2137,5
2138,6
2139,8
2140,9
2141,5
2142,0
2143,9
2144,3
2145,4
2146,2
2147,7
2148,9
2149,6
2150,9
2151,3
2152,7
2153,8
2154,5
2155,9
2156,8
2157,3
2158,9
2159,5
2160,0
2161,3
2162,2
2163,7
2164,1
2165,2
2166,2
2167,7
2168,5
2169,8
2170,2
2171,2
2172,2
2173,5
2174,9
2175,5
2176,8
2177,9
2178,3
2179,1
2180,4
2181,3
2182,4
2183,4
2184,9
2185,0
2186,9
2187,3
2188,9
2189,2
2190,9
2191,4
2192,0
2193,0
2194,8
2195,4
2196,8
2197,6
2198,8
2199,6
2200,0
2201,5
2202,9
2203,2
2204,9
2205,5
2206,1
2207,3
2208,4
2209,4
2210,0
2211,7
2212,2
2213,6
2214,3
2215,7
2216,5
2217,8
2218,4
2219,5
2220,1
2221,2
2222,6
2223,8
2224,1
2225,7
2226,6
2227,8
2228,7
2229,4
2230,3
2231,3
2232,5
2233,5
2234,7
2235,2
2236,5
2237,6
2238,1
2239,7
2240,9
2241,0
2242,3
2243,3
2244,9
2245,8
2246,1
2247,5
2248,8
2249,0
2250,4
2251,3
2252,3
2253,5
2254,8
2255,8
2256,4
2257,0
2258,1
2259,5
2260,4
2261,3
2262,3
2263,6
2264,5
2265,8
2266,8
2267,3
2268,3
2269,3
2270,3
2271,9
2272,7
2273,3
2274,1
2275,6
2276,0
2277,5
2278,9
2279,9
2280,8
2281,5
2282,9
2283,7
2284,8
2285,3
2286,6
2287,3
2288,6
2289,1
2290,9
2291,7
2292,3
2293,1
2294,9
2295,8
2296,9
2297,7
2298,0
2299,3
2300,5
2301,2
2302,0
2303,2
2304,6
2305,9
2306,3
2307,5
2308,1
2309,6
2310,6
2311,7
2312,2
2313,2
2314,3
2315,2
2316,5
2317,2
2318,2
2319,7
2320,2
2321,7
2322,2
2323,8
2324,2
2325,5
2326,7
2327,0
2328,7
2329,4
2330,0
2331,7
2332,2
2333,6
2334,1
2335,5
2336,9
2337,5
2338,6
2339,2
2340,7
2341,0
2342,3
2343,2
2344,0
2345,1
2346,1
2347,8
2348,4
2349,5
2350,5
2351,9
2352,2
2353,4
2354,8
2355,1
2356,8
2357,1
2358,3
2359,4
2360,7
2361,0
2362,5
2363,6
2364,6
2365,7
2366,9
2367,4
2368,2
2369,1
2370,0
2371,4
2372,5
2373,0
2374,8
2375,0
2376,0
2377,4
2378,1
2379,8
2380,8
2381,5
2382,9
2383,4
2384,5
2385,4
2386,7
2387,9
2388,0
2389,6
2390,3
2391,2
2392,5
2393,1
2394,6
2395,7
2396,5
2397,2
2398,8
2399,8
2400,0
2401,8
2402,9
2403,2
2404,7
2405,6
2406,4
2407,9
2408,2
2409,4
2410,3
2411,0
2412,6
2413,2
2414,4
2415,6
2416,4
2417,7
2418,8
2419,4
2420,8
2421,8
2422,4
2423,6
2424,8
2425,0
2426,0
2427,5
2428,6
2429,8
2430,7
2431,8
2432,9
2433,9
2434,0
2435,6
2436,6
2437,8
2438,8
2439,1
2440,7
2441,4
2442,6
2443,2
2444,5
2445,6
2446,9
2447,6
2448,2
2449,3
2450,1
2451,8
2452,2
2453,4
2454,6
2455,4
2456,8
2457,6
2458,8
2459,5
2460,9
2461,0
2462,1
2463,3
2464,0
2465,9
2466,2
2467,9
2468,2
2469,9
2470,7
2471,8
2472,5
2473,0
2474,6
2475,6
2476,8
2477,1
2478,6
2479,3
2480,8
2481,7
2482,9
2483,2
2484,1
2485,6
2486,4
2487,5
2488,6
2489,3
2490,7
2491,9
2492,8
2493,9
2494,5
2495,0
2496,9
2497,0
2498,3
2499,6
2500,6
2501,4
2502,8
2503,8
2504,1
2505,7
2506,4
2507,0
2508,6
2509,2
2510,4
2511,1
2512,2
2513,2
2514,3
2515,3
2516,5
2517,1
2518,7
2519,3
2520,1
2521,9
2522,1
2523,4
2524,2
2525,3
2526,2
2527,8
2528,9
2529,6
2530,5
2531,5
2532,0
2533,4
2534,9
2535,5
2536,5
2537,1
2538,5
2539,9
2540,2
2541,1
2542,8
2543,4
2544,2
2545,4
2546,8
2547,4
2548,7
2549,6
2550,4
2551,2
2552,9
2553,8
2554,4
2555,7
2556,6
2557,2
2558,4
2559,7
2560,7
2561,6
2562,3
2563,2
2564,2
2565,4
2566,2
2567,5
2568,7
2569,0
2570,0
2571,6
2572,6
2573,5
2574,8
2575,4
2576,3
2577,4
2578,8
2579,8
2580,5
2581,4
2582,5
2583,7
2584,6
2585,5
2586,2
2587,0
2588,4
2589,0
2590,3
2591,8
2592,4
2593,8
2594,0
2595,4
2596,1
2597,5
2598,3
2599,3
2600,8
2601,1
2602,6
2603,0
2604,8
2605,4
2606,5
2607,1
2608,2
2609,4
2610,2
2611,4
2612,3
2613,4
2614,0
2615,7
2616,1
2617,3
2618,5
2619,4
2620,1
2621,8
2622,0
2623,3
2624,8
2625,2
2626,7
2627,7
2628,0
2629,2
2630,2
2631,4
2632,7
2633,3
2634,1
2635,4
2636,1
2637,6
2638,4
2639,6
2640,7
2641,6
2642,2
2643,5
2644,8
2645,9
2646,3
2647,1
2648,4
2649,6
2650,3
2651,0
2652,7
2653,4
2654,5
2655,4
2656,9
2657,7
2658,7
2659,2
2660,5
2661,3
2662,8
2663,7
2664,4
2665,1
2666,6
2667,1
2668,0
2669,6
2670,9
2671,6
2672,0
2673,2
2674,0
2675,7
2676,6
2677,7
2678,0
2679,0
2680,0
2681,5
2682,7
2683,5
2684,3
2685,7
2686,7
2687,8
2688,5
2689,5
2690,4
2691,2
2692,8
2693,9
2694,1
2695,2
2696,2
2697,0
2698,3
2699,4
2700,1
2701,9
2702,6
2703,0
2704,9
2705,0
2706,3
2707,6
2708,6
2709,6
2710,7
2711,5
2712,1
2713,8
2714,8
2715,0
2716,5
2717,0
2718,3
2719,3
2720,3
2721,8
2722,4
2723,2
2724,0
2725,8
2726,5
2727,9
2728,4
2729,0
2730,6
2731,5
2732,7
2733,3
2734,7
2735,2
2736,8
2737,0
2738,4
2739,2
2740,1
2741,6
2742,2
2743,9
2744,9
2745,8
2746,5
2747,8
2748,1
2749,0
2750,7
2751,5
2752,3
2753,7
2754,9
2755,7
2756,3
2757,1
2758,9
2759,3
2760,5
2761,7
2762,4
2763,0
2764,1
2765,9
2766,4
2767,3
2768,5
2769,2
2770,3
2771,7
2772,6
2773,1
2774,5
2775,5
2776,7
2777,3
2778,4
2779,5
2780,7
2781,8
2782,7
2783,0
2784,1
2785,4
2786,5
2787,3
2788,5
2789,9
2790,8
2791,7
2792,0
2793,9
2794,0
2795,3
2796,7
2797,6
2798,5
2799,8
2800,4
2801,5
2802,6
2803,5
2804,5
2805,4
2806,7
2807,9
2808,6
2809,4
2810,7
2811,2
2812,0
2813,1
2814,9
2815,0
2816,7
2817,9
2818,6
2819,1
2820,6
2821,0
2822,5
2823,3
2824,7
2825,2
2826,4
2827,5
2828,2
2829,1
2830,6
2831,0
2832,3
2833,0
2834,4
2835,2
2836,3
2837,8
2838,1
2839,2
2840,3
2841,2
2842,7
2843,5
2844,5
2845,2
2846,6
2847,0
2848,9
2849,6
2850,5
2851,4
2852,2
2853,9
2854,7
2855,5
2856,2
2857,0
2858,4
2859,2
2860,5
2861,5
2862,6
2863,6
2864,5
2865,6
2866,9
2867,5
2868,9
2869,4
2870,8
2871,3
2872,1
2873,9
2874,0
2875,1
2876,9
2877,0
2878,3
2879,0
2880,4
2881,7
2882,7
2883,2
2884,6
2885,5
2886,6
2887,9
2888,3
2889,7
2890,5
2891,2
2892,0
2893,8
2894,6
2895,6
2896,8
2897,3
2898,8
2899,9
2900,2
2901,2
2902,9
2903,2
2904,7
2905,4
2906,1
2907,9
2908,7
2909,0
2910,8
2911,1
2912,4
2913,0
2914,6
2915,5
2916,1
2917,4
2918,2
2919,8
2920,2
2921,8
2922,3
2923,5
2924,1
2925,4
2926,9
2927,8
2928,1
2929,1
2930,3
2931,9
2932,9
2933,4
2934,6
2935,0
2936,5
2937,5
2938,2
2939,2
2940,0
2941,8
2942,5
2943,1
2944,9
2945,7
2946,9
2947,1
2948,3
2949,3
2950,1
2951,0
2952,5
2953,8
2954,9
2955,5
2956,0
2957,8
2958,8
2959,4
2960,0
2961,4
2962,8
2963,3
2964,0
2965,7
2966,0
2967,7
2968,0
2969,5
2970,3
2971,4
2972,3
2973,0
2974,3
2975,2
2976,4
2977,2
2978,7
2979,0
2980,8
2981,4
2982,4
2983,5
2984,2
2985,7
2986,8
2987,4
2988,3
2989,5
2990,4
2991,3
2992,4
2993,0
2994,8
2995,4
2996,8
2997,5
2998,5
2999,6
3000,5
3001,1
3002,7
3003,2
3004,4
3005,2
3006,5
3007,6
3008,8
3009,7
3010,6
3011,3
3012,1
3013,3
3014,2
3015,6
3016,4
3017,5
3018,5
3019,5
3020,1
3021,8
3022,7
3023,5
3024,0
3025,6
3026,7
3027,1
3028,1
3029,9
3030,6
3031,7
3032,6
3033,1
3034,2
3035,5
3036,9
3037,8
3038,4
3039,1
3040,7
3041,4
3042,8
3043,4
3044,7
3045,5
3046,8
3047,3
3048,0
3049,5
3050,0
3051,0
3052,2
3053,3
3054,0
3055,9
3056,3
3057,6
3058,1
3059,4
3060,7
3061,7
3062,9
3063,0
3064,9
3065,3
3066,0
3067,4
3068,0
3069,6
3070,0
3071,7
3072,8
3073,5
3074,1
3075,3
3076,2
3077,1
3078,8
3079,8
3080,1
3081,9
3082,7
3083,3
3084,3
3085,2
3086,9
3087,0
3088,6
3089,8
3090,4
3091,1
3092,2
3093,7
3094,0
3095,4
3096,7
3097,2
3098,4
3099,9
3100,0
3101,7
3102,0
3103,6
3104,7
3105,1
3106,8
3107,5
3108,5
3109,8
3110,3
3111,0
3112,0
3113,0
3114,8
3115,2
3116,7
3117,0
3118,6
3119,4
3120,4
3121,9
3122,1
3123,8
3124,6
3125,3
3126,9
3127,4
3128,9
3129,3
3130,3
3131,7
3132,5
3133,9
3134,7
3135,5
3136,4
3137,3
3138,0
3139,9
3140,8
3141,9
3142,5
3143,3
3144,1
3145,9
3146,0
3147,2
3148,0
3149,1
3150,9
3151,8
3152,1
3153,1
3154,9
3155,8
3156,9
3157,9
3158,0
3159,2
3160,4
3161,9
3162,1
3163,9
3164,2
3165,1
3166,9
3167,0
3168,1
3169,9
3170,9
3171,1
3172,9
3173,9
3174,2
3175,1
3176,7
3177,2
3178,5
3179,6
3180,6
3181,9
3182,8
3183,5
3184,0
3185,2
3186,3
3187,7
3188,4
3189,8
3190,3
3191,0
3192,4
3193,4
3194,5
3195,4
3196,7
3197,6
3198,6
3199,6
3200,5
3201,6
3202,7
3203,4
3204,5
3205,8
3206,8
3207,0
3208,9
3209,2
3210,9
3211,0
3212,6
3213,9
3214,3
3215,1
3216,4
3217,7
3218,5
3219,0
3220,7
3221,5
3222,4
3223,7
3224,6
3225,9
3226,8
3227,2
3228,3
3229,9
3230,3
3231,3
3232,7
3233,8
3234,3
3235,5
3236,5
3237,1
3238,6
3239,1
3240,3
3241,7
3242,4
3243,8
3244,7
3245,7
3246,1
3247,5
3248,0
3249,3
3250,2
3251,3
3252,4
3253,2
3254,3
3255,5
3256,4
3257,7
3258,3
3259,2
3260,7
3261,0
3262,3
3263,1
3264,8
3265,8
3266,7
3267,3
3268,5
3269,7
3270,8
3271,5
3272,7
3273,8
3274,1
3275,5
3276,4
3277,7
3278,0
3279,8
3280,5
3281,2
3282,9
3283,7
3284,5
3285,1
3286,6
3287,5
3288,9
3289,8
3290,5
3291,3
3292,4
3293,1
3294,0
3295,9
3296,4
3297,4
3298,3
3299,6
3300,4
3301,0
3302,0
3303,0
3304,2
3305,9
3306,2
3307,9
3308,7
3309,4
3310,6
3311,7
3312,5
3313,2
3314,9
3315,3
3316,7
3317,7
3318,8
3319,3
3320,7
3321,2
3322,2
3323,5
3324,6
3325,3
3326,4
3327,2
3328,2
3329,3
3330,7
3331,8
3332,7
3333,2
3334,5
3335,1
3336,9
3337,7
3338,0
3339,5
3340,6
3341,1
3342,3
3343,5
3344,9
3345,7
3346,0
3347,9
3348,1
3349,6
3350,8
3351,1
3352,2
3353,3
3354,8
3355,8
3356,4
3357,2
3358,1
3359,7
3360,4
3361,4
3362,1
3363,1
3364,4
3365,9
3366,8
3367,7
3368,9
3369,5
3370,1
3371,5
3372,1
3373,3
3374,6
3375,4
3376,5
3377,7
3378,7
3379,5
3380,8
3381,5
3382,5
3383,8
3384,7
3385,8
3386,2
3387,6
3388,6
3389,1
3390,3
3391,3
3392,9
3393,5
3394,1
3395,9
3396,7
3397,9
3398,0
3399,0
3400,2
3401,7
3402,6
3403,8
3404,5
3405,7
3406,6
3407,1
3408,2
3409,9
3410,4
3411,5
3412,4
3413,1
3414,5
3415,7
3416,4
3417,7
3418,1
3419,4
3420,5
3421,0
3422,2
3423,8
3424,5
3425,0
3426,0
3427,6
3428,2
3429,0
3430,8
3431,4
3432,5
3433,5
3434,5
3435,6
3436,4
3437,7
3438,9
3439,4
3440,3
3441,0
3442,6
3443,2
3444,0
3445,0
3446,3
3447,4
3448,6
3449,9
3450,1
3451,5
3452,5
3453,2
3454,2
3455,3
3456,3
3457,4
3458,5
3459,2
3460,1
3461,5
3462,2
3463,5
3464,9
3465,6
3466,5
3467,0
3468,2
3469,9
3470,5
3471,1
3472,7
3473,2
3474,2
3475,2
3476,6
3477,2
3478,4
3479,5
3480,2
3481,7
3482,7
3483,0
3484,4
3485,1
3486,6
3487,5
3488,1
3489,9
3490,4
3491,5
3492,9
3493,0
3494,5
3495,2
3496,0
3497,0
3498,4
3499,0
3500,1
3501,0
3502,8
3503,5
3504,9
3505,4
3506,2
3507,4
3508,3
3509,9
3510,4
3511,0
3512,4
3513,3
3514,3
3515,8
3516,9
3517,1
3518,5
3519,8
3520,1
3521,8
3522,2
3523,6
3524,7
3525,2
3526,4
3527,1
3528,1
3529,6
3530,6
3531,9
3532,5
3533,2
3534,2
3535,5
3536,0
3537,8
3538,2
3539,3
3540,6
3541,2
3542,9
3543,6
3544,1
3545,4
3546,5
3547,9
3548,0
3549,1
3550,7
3551,0
3552,8
3553,1
3554,9
3555,6
3556,6
3557,6
3558,5
3559,4
3560,9
3561,5
3562,8
3563,6
3564,0
3565,1
3566,7
3567,6
3568,0
3569,9
3570,5
3571,4
3572,4
3573,2
3574,9
3575,3
3576,4
3577,9
3578,7
3579,1
3580,4
3581,4
3582,6
3583,1
3584,5
3585,8
3586,8
3587,6
3588,6
3589,7
3590,7
3591,6
3592,7
3593,2
3594,5
3595,2
3596,4
3597,6
3598,2
3599,7
3600,5
3601,5
3602,5
3603,6
3604,2
3605,4
3606,3
3607,2
3608,9
3609,9
3610,5
3611,1
3612,1
3613,5
3614,3
3615,7
3616,4
3617,3
3618,2
3619,1
3620,0
3621,4
3622,3
3623,5
3624,4
3625,8
3626,9
3627,3
3628,3
3629,1
3630,8
3631,9
3632,1
3633,3
3634,5
3635,7
3636,4
3637,2
3638,9
3639,7
3640,6
3641,8
3642,1
3643,8
3644,9
3645,9
3646,3
3647,1
3648,7
3649,3
3650,0
3651,0
3652,2
3653,8
3654,5
3655,0
3656,2
3657,7
3658,4
3659,6
3660,0
3661,1
3662,2
3663,1
3664,6
3665,7
3666,5
3667,5
3668,6
3669,5
3670,9
3671,4
3672,0
3673,2
3674,0
3675,4
3676,1
3677,4
3678,1
3679,0
3680,0
3681,2
3682,4
3683,6
3684,9
3685,2
3686,8
3687,9
3688,5
3689,7
3690,9
3691,1
3692,4
3693,5
3694,2
3695,8
3696,4
3697,2
3698,8
3699,9
3700,3
3701,1
3702,1
3703,6
3704,5
3705,8
3706,4
3707,3
3708,6
3709,7
3710,2
3711,4
3712,4
3713,3
3714,5
3715,1
3716,3
3717,6
3718,8
3719,5
3720,2
3721,0
3722,7
3723,1
3724,4
3725,2
3726,3
3727,9
3728,3
3729,8
3730,1
3731,6
3732,9
3733,2
3734,7
3735,5
3736,3
3737,5
3738,9
3739,7
3740,0
3741,7
3742,9
3743,3
3744,4
3745,1
3746,2
3747,9
3748,5
3749,8
3750,9
3751,7
3752,1
3753,6
3754,0
3755,0
3756,7
3757,3
3758,4
3759,4
3760,7
3761,0
3762,1
3763,8
3764,1
3765,0
3766,7
3767,6
3768,1
3769,9
3770,8
3771,0
3772,1
3773,2
3774,3
3775,6
3776,0
3777,7
3778,4
3779,3
3780,4
3781,5
3782,0
3783,2
3784,5
3785,2
3786,7
3787,6
3788,7
3789,5
3790,4
3791,5
3792,0
3793,6
3794,1
3795,7
3796,5
3797,6
3798,5
3799,7
3800,9
3801,2
3802,7
3803,8
3804,5
3805,9
3806,3
3807,8
3808,3
3809,4
3810,5
3811,7
3812,9
3813,8
3814,1
3815,4
3816,3
3817,8
3818,9
3819,5
3820,0
3821,6
3822,4
3823,0
3824,2
3825,0
3826,1
3827,4
3828,0
3829,8
3830,5
3831,5
3832,7
3833,9
3834,2
3835,5
3836,7
3837,9
3838,1
3839,5
3840,3
3841,9
3842,8
3843,7
3844,5
3845,0
3846,9
3847,0
3848,8
3849,5
3850,9
3851,4
3852,2
3853,9
3854,8
3855,1
3856,9
3857,8
3858,8
3859,3
3860,7
3861,6
3862,2
3863,0
3864,3
3865,7
3866,0
3867,5
3868,5
3869,8
3870,8
3871,8
3872,4
3873,9
3874,6
3875,2
3876,7
3877,4
3878,5
3879,7
3880,6
3881,7
3882,9
3883,4
3884,3
3885,4
3886,8
3887,4
3888,6
3889,6
3890,7
3891,1
3892,5
3893,9
3894,7
3895,8
3896,7
3897,0
3898,1
3899,6
3900,6
3901,8
3902,1
3903,8
3904,1
3905,3
3906,3
3907,2
3908,2
3909,3
3910,5
3911,9
3912,8
3913,7
3914,4
3915,4
3916,9
3917,7
3918,6
3919,7
3920,5
3921,8
3922,2
3923,5
3924,5
3925,1
3926,9
3927,5
3928,6
3929,5
3930,1
3931,5
3932,6
3933,6
3934,4
3935,7
3936,6
3937,8
3938,8
3939,9
3940,6
3941,6
3942,1
3943,0
3944,7
3945,5
3946,8
3947,2
3948,1
3949,5
3950,8
3951,1
3952,4
3953,7
3954,5
3955,0
3956,3
3957,8
3958,9
3959,5
3960,2
3961,8
3962,7
3963,5
3964,9
3965,0
3966,4
3967,3
3968,8
3969,2
3970,9
3971,0
3972,7
3973,9
3974,8
3975,7
3976,1
3977,6
3978,2
3979,9
3980,9
3981,5
3982,9
3983,7
3984,6
3985,7
3986,7
3987,1
3988,1
3989,2
3990,4
3991,2
3992,0
3993,6
3994,8
3995,7
3996,5
3997,2
3998,2
3999,9
4000,2
4001,2
4002,7
4003,0
4004,4
4005,3
4006,8
4007,6
4008,8
4009,2
4010,7
4011,5
4012,9
4013,4
4014,8
4015,1
4016,2
4017,5
4018,9
4019,7
4020,8
4021,9
4022,6
4023,5
4024,8
4025,1
4026,9
4027,4
4028,0
4029,2
4030,1
4031,4
4032,3
4033,6
4034,2
4035,2
4036,0
4037,0
4038,0
4039,7
4040,8
4041,7
4042,0
4043,3
4044,6
4045,7
4046,7
4047,4
4048,5
4049,4
4050,3
4051,5
4052,3
4053,4
4054,7
4055,0
4056,0
4057,7
4058,5
4059,1
4060,3
4061,5
4062,0
4063,4
4064,7
4065,4
4066,6
4067,1
4068,8
4069,5
4070,9
4071,1
4072,5
4073,6
4074,2
4075,2
4076,7
4077,5
4078,5
4079,8
4080,1
4081,0
4082,6
4083,8
4084,7
4085,6
4086,8
4087,5
4088,7
4089,8
4090,2
4091,9
4092,7
4093,3
4094,5
4095,8
4096,8
4097,6
4098,9
4099,2
4100,7
4101,4
4102,0
4103,8
4104,0
4105,7
4106,8
4107,2
4108,2
4109,5
4110,2
4111,4
4112,5
4113,0
4114,6
4115,2
4116,4
4117,4
4118,2
4119,6
4120,4
4121,7
4122,6
4123,0
4124,8
4125,0
4126,4
4127,6
4128,1
4129,1
4130,6
4131,1
4132,4
4133,2
4134,4
4135,1
4136,2
4137,6
4138,4
4139,0
4140,7
4141,8
4142,8
4143,5
4144,1
4145,8
4146,2
4147,7
4148,3
4149,9
4150,6
4151,6
4152,1
4153,0
4154,7
4155,3
4156,3
4157,2
4158,7
4159,4
4160,5
4161,6
4162,0
4163,6
4164,1
4165,8
4166,8
4167,0
4168,9
4169,3
4170,1
4171,0
4172,5
4173,5
4174,2
4175,8
4176,3
4177,6
4178,7
4179,2
4180,0
4181,0
4182,5
4183,7
4184,4
4185,7
4186,7
4187,0
4188,6
4189,1
4190,7
4191,9
4192,0
4193,8
4194,0
4195,3
4196,8
4197,6
4198,0
4199,8
4200,4
4201,1
4202,0
4203,2
4204,2
4205,4
4206,1
4207,1
4208,5
4209,7
4210,7
4211,4
4212,1
4213,4
4214,7
4215,1
4216,0
4217,2
4218,9
4219,4
4220,0
4221,2
4222,8
4223,8
4224,5
4225,5
4226,0
4227,4
4228,0
4229,8
4230,2
4231,2
4232,5
4233,9
4234,2
4235,9
4236,1
4237,1
4238,5
4239,4
4240,7
4241,5
4242,8
4243,6
4244,4
4245,1
4246,5
4247,5
4248,5
4249,4
4250,1
4251,0
4252,9
4253,9
4254,8
4255,9
4256,8
4257,6
4258,8
4259,5
4260,8
4261,0
4262,4
4263,6
4264,3
4265,6
4266,5
4267,7
4268,4
4269,0
4270,0
4271,1
4272,7
4273,5
4274,1
4275,2
4276,1
4277,5
4278,1
4279,6
4280,0
4281,2
4282,5
4283,6
4284,9
4285,1
4286,0
4287,2
4288,1
4289,7
4290,5
4291,9
4292,1
4293,3
4294,0
4295,0
4296,1
4297,9
4298,9
4299,0
4300,8
4301,4
4302,5
4303,5
4304,2
4305,0
4306,3
4307,2
4308,0
4309,3
4310,4
4311,7
4312,2
4313,3
4314,1
4315,6
4316,8
4317,8
4318,1
4319,6
4320,1
4321,3
4322,7
4323,5
4324,9
4325,6
4326,7
4327,1
4328,0
4329,6
4330,9
4331,4
4332,7
4333,7
4334,3
4335,9
4336,9
4337,1
4338,9
4339,7
4340,0
4341,1
4342,3
4343,5
4344,4
4345,6
4346,5
4347,8
4348,8
4349,0
4350,4
4351,8
4352,5
4353,6
4354,0
4355,3
4356,0
4357,3
4358,5
4359,2
4360,6
4361,8
4362,4
4363,9
4364,9
4365,9
4366,2
4367,3
4368,4
4369,2
4370,8
4371,1
4372,1
4373,0
4374,0
4375,3
4376,7
4377,4
4378,1
4379,1
4380,9
4381,4
4382,7
4383,4
4384,6
4385,2
4386,6
4387,4
4388,2
4389,8
4390,5
4391,8
4392,5
4393,7
4394,5
4395,7
4396,9
4397,8
4398,7
4399,4
4400,3
4401,9
4402,4
4403,8
4404,4
4405,6
4406,5
4407,3
4408,3
4409,8
4410,9
4411,5
4412,7
4413,6
4414,2
4415,0
4416,6
4417,9
4418,9
4419,0
4420,5
4421,5
4422,5
4423,7
4424,1
4425,1
4426,0
4427,2
4428,8
4429,2
4430,1
4431,1
4432,5
4433,5
4434,2
4435,3
4436,5
4437,1
4438,2
4439,9
4440,2
4441,7
4442,5
4443,4
4444,8
4445,9
4446,8
4447,8
4448,4
4449,9
4450,0
4451,2
4452,3
4453,0
4454,6
4455,8
4456,7
4457,6
4458,3
4459,8
4460,9
4461,0
4462,5
4463,3
4464,6
4465,6
4466,1
4467,3
4468,1
4469,5
4470,9
4471,3
4472,3
4473,4
4474,8
4475,0
4476,5
4477,2
4478,1
4479,7
4480,9
4481,9
4482,6
4483,2
4484,4
4485,7
4486,1
4487,5
4488,4
4489,7
4490,0
4491,5
4492,8
4493,4
4494,8
4495,3
4496,0
4497,8
4498,0
4499,3
4500,5
4501,5
4502,7
4503,7
4504,0
4505,4
4506,1
4507,2
4508,0
4509,7
4510,0
4511,6
4512,8
4513,3
4514,9
4515,0
4516,9
4517,8
4518,9
4519,6
4520,3
4521,5
4522,2
4523,4
4524,4
4525,3
4526,5
4527,3
4528,5
4529,4
4530,5
4531,1
4532,1
4533,8
4534,2
4535,2
4536,8
4537,3
4538,7
4539,8
4540,9
4541,2
4542,3
4543,1
4544,7
4545,5
4546,2
4547,5
4548,3
4549,1
4550,2
4551,3
4552,3
4553,3
4554,4
4555,9
4556,8
4557,0
4558,0
4559,5
4560,1
4561,3
4562,7
4563,2
4564,4
4565,5
4566,8
4567,4
4568,8
4569,9
4570,3
4571,4
4572,3
4573,6
4574,3
4575,6
4576,4
4577,6
4578,4
4579,3
4580,6
4581,5
4582,8
4583,2
4584,4
4585,8
4586,0
4587,5
4588,9
4589,5
4590,2
4591,0
4592,7
4593,3
4594,8
4595,9
4596,5
4597,9
4598,1
4599,8
4600,0
4601,2
4602,1
4603,6
4604,4
4605,3
4606,6
4607,1
4608,4
4609,8
4610,9
4611,1
4612,7
4613,1
4614,4
4615,6
4616,4
4617,3
4618,6
4619,9
4620,7
4621,8
4622,4
4623,3
4624,5
4625,7
4626,5
4627,7
4628,5
4629,7
4630,2
4631,5
4632,3
4633,1
4634,7
4635,7
4636,8
4637,5
4638,6
4639,0
4640,2
4641,5
4642,2
4643,5
4644,7
4645,4
4646,7
4647,1
4648,6
4649,8
4650,6
4651,8
4652,3
4653,2
4654,7
4655,5
4656,9
4657,7
4658,1
4659,4
4660,7
4661,5
4662,6
4663,1
4664,7
4665,5
4666,0
4667,8
4668,6
4669,6
4670,8
4671,6
4672,6
4673,0
4674,3
4675,4
4676,7
4677,4
4678,9
4679,4
4680,9
4681,9
4682,5
4683,4
4684,1
4685,4
4686,0
4687,3
4688,7
4689,1
4690,2
4691,2
4692,8
4693,4
4694,3
4695,8
4696,5
4697,3
4698,6
4699,5
4700,2
4701,0
4702,6
4703,6
4704,9
4705,3
4706,2
4707,4
4708,3
4709,9
4710,1
4711,9
4712,4
4713,1
4714,6
4715,9
4716,9
4717,4
4718,3
4719,9
4720,0
4721,1
4722,3
4723,9
4724,5
4725,9
4726,0
4727,9
4728,7
4729,5
4730,4
4731,4
4732,6
4733,6
4734,4
4735,8
4736,1
4737,9
4738,0
4739,6
4740,5
4741,1
4742,8
4743,6
4744,0
4745,7
4746,6
4747,5
4748,1
4749,4
4750,8
4751,6
4752,1
4753,7
4754,8
4755,1
4756,6
4757,4
4758,4
4759,0
4760,2
4761,9
4762,9
4763,0
4764,5
4765,4
4766,1
4767,6
4768,9
4769,8
4770,9
4771,0
4772,6
4773,1
4774,6
4775,2
4776,5
4777,5
4778,6
4779,9
4780,4
4781,7
4782,2
4783,4
4784,0
4785,3
4786,5
4787,8
4788,6
4789,9
4790,9
4791,9
4792,4
4793,1
4794,2
4795,3
4796,5
4797,5
4798,0
4799,1
4800,9
4801,2
4802,2
4803,7
4804,3
4805,3
4806,1
4807,8
4808,5
4809,0
4810,5
4811,0
4812,8
4813,8
4814,3
4815,9
4816,6
4817,0
4818,3
4819,3
4820,3
4821,4
4822,1
4823,4
4824,0
4825,5
4826,2
4827,9
4828,2
4829,5
4830,3
4831,1
4832,2
4833,6
4834,4
4835,9
4836,9
4837,7
4838,1
4839,7
4840,0
4841,1
4842,2
4843,1
4844,6
4845,3
4846,8
4847,4
4848,1
4849,5
4850,1
4851,9
4852,0
4853,7
4854,0
4855,1
4856,7
4857,6
4858,0
4859,6
4860,5
4861,8
4862,3
4863,1
4864,3
4865,1
4866,9
4867,9
4868,8
4869,8
4870,0
4871,5
4872,1
4873,0
4874,9
4875,1
4876,3
4877,6
4878,7
4879,6
4880,7
4881,8
4882,6
4883,2
4884,7
4885,2
4886,3
4887,5
4888,5
4889,5
4890,1
4891,6
4892,4
4893,1
4894,6
4895,1
4896,7
4897,1
4898,6
4899,2
4900,3
4901,0
4902,4
4903,2
4904,9
4905,7
4906,2
4907,3
4908,0
4909,0
4910,8
4911,8
4912,1
4913,1
4914,3
4915,5
4916,6
4917,5
4918,3
4919,8
4920,7
4921,6
4922,0
4923,7
4924,7
4925,3
4926,7
4927,1
4928,9
4929,9
4930,1
4931,9
4932,9
4933,5
4934,5
4935,5
4936,2
4937,0
4938,9
4939,0
4940,6
4941,6
4942,0
4943,4
4944,8
4945,9
4946,3
4947,5
4948,1
4949,1
4950,2
4951,2
4952,9
4953,0
4954,1
4955,8
4956,5
4957,4
4958,4
4959,7
4960,2
4961,8
4962,3
4963,3
4964,5
4965,4
4966,7
4967,0
4968,0
4969,1
4970,2
4971,9
4972,8
4973,9
4974,7
4975,3
4976,5
4977,9
4978,1
4979,9
4980,1
4981,0
4982,5
4983,6
4984,3
4985,5
4986,4
4987,2
4988,5
4989,6
4990,5
4991,0
4992,1
4993,0
4994,7
4995,5
4996,5
4997,6
4998,5
4999,1
5000,7
5001,6
5002,8
5003,4
5004,4
5005,5
5006,4
5007,3
5008,4
5009,7
5010,7
5011,5
5012,6
5013,2
5014,7
5015,2
5016,3
5017,7
5018,2
5019,1
5020,8
5021,0
5022,2
5023,4
5024,1
5025,5
5026,4
5027,0
5028,9
5029,5
5030,0
5031,4
5032,2
5033,5
5034,0
5035,5
5036,0
5037,1
5038,4
5039,6
5040,6
5041,9
5042,2
5043,0
5044,5
5045,7
5046,5
5047,5
5048,8
5049,7
5050,5
5051,1
5052,6
5053,3
5054,9
5055,0
5056,2
5057,7
5058,1
5059,4
5060,6
5061,1
5062,5
5063,9
5064,5
5065,0
5066,4
5067,1
5068,2
5069,9
5070,3
5071,2
5072,2
5073,8
5074,4
5075,5
5076,5
5077,0
5078,8
5079,1
5080,7
5081,3
5082,6
5083,9
5084,3
5085,2
5086,4
5087,9
5088,5
5089,4
5090,1
5091,0
5092,9
5093,8
5094,9
5095,8
5096,7
5097,7
5098,2
5099,2
5100,3
5101,5
5102,4
5103,7
5104,8
5105,7
5106,5
5107,9
5108,1
5109,9
5110,8
5111,6
5112,5
5113,4
5114,7
5115,5
5116,6
5117,7
5118,2
5119,5
5120,8
5121,6
5122,6
5123,7
5124,0
5125,1
5126,4
5127,9
5128,4
5129,2
5130,5
5131,6
5132,1
5133,2
5134,5
5135,1
5136,9
5137,9
5138,8
5139,6
5140,8
5141,6
5142,8
5143,9
5144,7
5145,4
5146,0
5147,9
5148,3
5149,6
5150,4
5151,0
5152,9
5153,7
5154,2
5155,5
5156,3
5157,6
5158,4
5159,6
5160,0
5161,3
5162,4
5163,3
5164,0
5165,5
5166,8
5167,2
5168,7
5169,2
5170,9
5171,2
5172,5
5173,0
5174,6
5175,6
5176,9
5177,2
5178,5
5179,3
5180,9
5181,1
5182,1
5183,3
5184,3
5185,9
5186,5
5187,5
5188,8
5189,0
5190,2
5191,3
5192,0
5193,2
5194,2
5195,4
5196,2
5197,3
5198,8
5199,3
5200,5
5201,1
5202,9
5203,6
5204,3
5205,8
5206,4
5207,2
5208,4
5209,7
5210,5
5211,3
5212,2
5213,4
5214,1
5215,4
5216,6
5217,9
5218,5
5219,2
5220,0
5221,7
5222,5
5223,0
5224,8
5225,4
5226,1
5227,6
5228,3
5229,5
5230,8
5231,4
5232,5
5233,9
5234,7
5235,6
5236,0
5237,4
5238,0
5239,4
5240,1
5241,4
5242,0
5243,1
5244,2
5245,1
5246,7
5247,7
5248,9
5249,8
5250,7
5251,5
5252,4
5253,0
5254,9
5255,0
5256,0
5257,8
5258,5
5259,0
5260,0
5261,7
5262,4
5263,8
5264,6
5265,2
5266,2
5267,6
5268,4
5269,5
5270,1
5271,5
5272,3
5273,7
5274,3
5275,2
5276,9
5277,0
5278,0
5279,0
5280,0
5281,4
5282,4
5283,4
5284,6
5285,1
5286,6
5287,5
5288,4
5289,7
5290,3
5291,9
5292,4
5293,0
5294,8
5295,2
5296,4
5297,4
5298,5
5299,7
5300,9
5301,7
5302,2
5303,5
5304,7
5305,7
5306,3
5307,1
5308,9
5309,3
5310,0
5311,3
5312,5
5313,3
5314,7
5315,9
5316,4
5317,4
5318,0
5319,7
5320,7
5321,1
5322,4
5323,1
5324,4
5325,8
5326,7
5327,8
5328,0
5329,0
5330,7
5331,2
5332,9
5333,7
5334,6
5335,1
5336,3
5337,5
5338,9
5339,0
5340,4
5341,6
5342,8
5343,3
5344,4
5345,7
5346,4
5347,1
5348,1
5349,3
5350,9
5351,7
5352,3
5353,1
5354,8
5355,8
5356,7
5357,0
5358,1
5359,6
5360,9
5361,3
5362,2
5363,7
5364,7
5365,3
5366,8
5367,0
5368,3
5369,4
5370,6
5371,7
5372,5
5373,2
5374,0
5375,1
5376,5
5377,5
5378,1
5379,2
5380,9
5381,3
5382,0
5383,8
5384,6
5385,3
5386,1
5387,6
5388,6
5389,4
5390,1
5391,9
5392,0
5393,4
5394,1
5395,0
5396,1
5397,0
5398,8
5399,3
5400,9
5401,2
5402,4
5403,7
5404,2
5405,0
5406,7
5407,4
5408,9
5409,1
5410,3
5411,6
5412,6
5413,5
5414,4
5415,4
5416,9
5417,3
5418,8
5419,6
5420,6
5421,6
5422,1
5423,6
5424,5
5425,3
5426,5
5427,8
5428,7
5429,6
5430,7
5431,1
5432,9
5433,5
5434,6
5435,4
5436,6
5437,0
5438,7
5439,1
5440,9
5441,5
5442,2
5443,4
5444,7
5445,7
5446,0
5447,5
5448,9
5449,1
5450,3
5451,6
5452,0
5453,2
5454,0
5455,9
5456,1
5457,8
5458,3
5459,3
5460,5
5461,0
5462,0
5463,5
5464,5
5465,7
5466,8
5467,5
5468,7
5469,3
5470,1
5471,6
5472,9
5473,5
5474,1
5475,0
5476,6
5477,2
5478,3
5479,2
5480,1
5481,2
5482,5
5483,1
5484,9
5485,8
5486,3
5487,7
5488,9
5489,7
5490,5
5491,0
5492,2
5493,3
5494,9
5495,7
5496,4
5497,3
5498,9
5499,6
5500,8
5501,6
5502,6
5503,8
5504,5
5505,4
5506,6
5507,6
5508,7
5509,7
5510,4
5511,6
5512,9
5513,6
5514,0
5515,4
5516,0
5517,1
5518,3
5519,6
5520,5
5521,9
5522,2
5523,2
5524,0
5525,4
5526,8
5527,7
5528,5
5529,8
5530,6
5531,8
5532,5
5533,2
5534,2
5535,3
5536,6
5537,5
5538,7
5539,4
5540,5
5541,7
5542,9
5543,0
5544,0
5545,6
5546,7
5547,0
5548,7
5549,5
5550,5
5551,5
5552,5
5553,5
5554,9
5555,6
5556,6
5557,4
5558,5
5559,2
5560,5
5561,6
5562,5
5563,1
5564,6
5565,3
5566,1
5567,6
5568,7
5569,0
5570,5
5571,0
5572,1
5573,3
5574,7
5575,5
5576,5
5577,2
5578,3
5579,9
5580,3
5581,6
5582,4
5583,0
5584,0
5585,0
5586,8
5587,0
5588,3
5589,2
5590,4
5591,5
5592,3
5593,4
5594,9
5595,6
5596,9
5597,3
5598,1
5599,2
5600,6
5601,7
5602,4
5603,5
5604,1
5605,3
5606,7
5607,0
5608,9
5609,5
5610,9
5611,7
5612,8
5613,3
5614,8
5615,5
5616,6
5617,5
5618,0
5619,8
5620,5
5621,8
5622,1
5623,8
5624,1
5625,7
5626,5
5627,9
5628,0
5629,4
5630,8
5631,5
5632,5
5633,4
5634,5
5635,7
5636,4
5637,7
5638,4
5639,2
5640,3
5641,4
5642,4
5643,5
5644,7
5645,3
5646,8
5647,5
5648,4
5649,3
5650,7
5651,4
5652,0
5653,5
5654,7
5655,3
5656,3
5657,2
5658,4
5659,7
5660,9
5661,4
5662,8
5663,8
5664,6
5665,0
5666,6
5667,1
5668,7
5669,1
5670,4
5671,3
5672,8
5673,5
5674,9
5675,7
5676,6
5677,7
5678,1
5679,4
5680,2
5681,3
5682,2
5683,6
5684,7
5685,1
5686,6
5687,2
5688,8
5689,3
5690,7
5691,2
5692,5
5693,7
5694,5
5695,7
5696,7
5697,9
5698,7
5699,4
5700,3
5701,3
5702,4
5703,0
5704,4
5705,2
5706,7
5707,0
5708,5
5709,5
5710,6
5711,6
5712,2
5713,5
5714,2
5715,6
5716,2
5717,3
5718,2
5719,2
5720,9
5721,2
5722,0
5723,1
5724,5
5725,3
5726,1
5727,6
5728,7
5729,8
5730,1
5731,6
5732,3
5733,3
5734,6
5735,0
5736,9
5737,9
5738,2
5739,2
5740,6
5741,1
5742,4
5743,6
5744,2
5745,5
5746,7
5747,0
5748,8
5749,3
5750,6
5751,4
5752,5
5753,2
5754,3
5755,5
5756,4
5757,4
5758,8
5759,9
5760,2
5761,6
5762,0
5763,0
5764,7
5765,9
5766,8
5767,7
5768,7
5769,3
5770,8
5771,2
5772,9
5773,3
5774,3
5775,7
5776,5
5777,8
5778,7
5779,3
5780,7
5781,1
5782,7
5783,0
5784,6
5785,2
5786,4
5787,3
5788,0
5789,2
5790,9
5791,8
5792,2
5793,8
5794,3
5795,7
5796,5
5797,5
5798,0
5799,1
5800,4
5801,9
5802,2
5803,8
5804,9
5805,9
5806,8
5807,6
5808,5
5809,3
5810,5
5811,7
5812,3
5813,4
5814,8
5815,5
5816,2
5817,4
5818,7
5819,3
5820,5
5821,3
5822,3
5823,5
5824,7
5825,5
5826,7
5827,0
5828,5
5829,4
5830,6
5831,6
5832,9
5833,3
5834,5
5835,0
5836,8
5837,2
5838,1
5839,2
5840,2
5841,5
5842,5
5843,6
5844,0
5845,5
5846,5
5847,8
5848,5
5849,3
5850,2
5851,1
5852,2
5853,5
5854,5
5855,5
5856,5
5857,0
5858,7
5859,2
5860,0
5861,1
5862,5
5863,4
5864,1
5865,6
5866,4
5867,5
5868,9
5869,7
5870,7
5871,2
5872,5
5873,4
5874,3
5875,1
5876,3
5877,9
5878,4
5879,1
5880,0
5881,5
5882,1
5883,6
5884,4
5885,4
5886,2
5887,1
5888,4
5889,5
5890,5
5891,0
5892,8
5893,9
5894,7
5895,6
5896,1
5897,4
5898,8
5899,1
5900,5
5901,3
5902,9
5903,4
5904,7
5905,1
5906,4
5907,6
5908,7
5909,1
5910,5
5911,6
5912,4
5913,7
5914,1
5915,3
5916,9
5917,4
5918,1
5919,0
5920,8
5921,7
5922,7
5923,1
5924,4
5925,3
5926,4
5927,2
5928,7
5929,7
5930,2
5931,4
5932,3
5933,4
5934,7
5935,6
5936,6
5937,1
5938,9
5939,9
5940,7
5941,9
5942,4
5943,2
5944,2
5945,6
5946,3
5947,5
5948,0
5949,6
5950,9
5951,0
5952,9
5953,7
5954,8
5955,0
5956,4
5957,3
5958,9
5959,8
5960,4
5961,6
5962,6
5963,2
5964,9
5965,7
5966,9
5967,9
5968,2
5969,5
5970,1
5971,1
5972,0
5973,6
5974,9
5975,9
5976,5
5977,6
5978,5
5979,5
5980,9
5981,7
5982,9
5983,4
5984,5
5985,4
5986,5
5987,7
5988,9
5989,8
5990,0
5991,4
5992,7
5993,8
5994,5
5995,0
5996,4
5997,0
5998,7
5999,0
6000,8
6001,0
6002,2
6003,0
6004,7
6005,4
6006,7
6007,6
6008,3
6009,3
6010,6
6011,7
6012,4
6013,6
6014,4
6015,8
6016,4
6017,9
6018,5
6019,6
6020,6
6021,5
6022,0
6023,5
6024,5
6025,4
6026,4
6027,3
6028,1
6029,0
6030,8
6031,5
6032,4
6033,2
6034,9
6035,5
6036,0
6037,5
6038,4
6039,8
6040,2
6041,5
6042,6
6043,5
6044,7
6045,8
6046,5
6047,0
6048,1
6049,8
6050,4
6051,4
6052,8
6053,4
6054,3
6055,0
6056,7
6057,2
6058,1
6059,9
6060,4
6061,0
6062,4
6063,4
6064,5
6065,5
6066,2
6067,8
6068,3
6069,0
6070,9
6071,7
6072,5
6073,2
6074,4
6075,6
6076,4
6077,2
6078,2
6079,3
6080,1
6081,0
6082,0
6083,2
6084,1
6085,6
6086,1
6087,4
6088,6
6089,7
6090,1
6091,0
6092,5
6093,2
6094,3
6095,9
6096,3
6097,5
6098,6
6099,7
6100,1
6101,0
6102,9
6103,6
6104,1
6105,0
6106,2
6107,9
6108,2
6109,2
6110,9
6111,0
6112,8
6113,2
6114,0
6115,8
6116,5
6117,1
6118,0
6119,1
6120,5
6121,5
6122,5
6123,6
6124,0
6125,0
6126,3
6127,2
6128,0
6129,4
6130,1
6131,3
6132,7
6133,8
6134,8
6135,3
6136,5
6137,2
6138,7
6139,9
6140,9
6141,8
6142,5
6143,9
6144,7
6145,5
6146,8
6147,9
6148,5
6149,7
6150,1
6151,4
6152,6
6153,7
6154,4
6155,0
6156,9
6157,0
6158,0
6159,1
6160,2
6161,4
6162,5
6163,3
6164,7
6165,3
6166,1
6167,9
6168,5
6169,5
6170,0
6171,4
6172,1
6173,1
6174,5
6175,3
6176,9
6177,5
6178,4
6179,0
6180,0
6181,8
6182,1
6183,5
6184,1
6185,3
6186,9
6187,0
6188,1
6189,2
6190,4
6191,0
6192,6
6193,9
6194,2
6195,1
6196,2
6197,7
6198,9
6199,5
6200,3
6201,5
6202,5
6203,3
6204,4
6205,1
6206,3
6207,9
6208,8
6209,7
6210,3
6211,8
6212,7
6213,4
6214,5
6215,2
6216,5
6217,8
6218,6
6219,7
6220,2
6221,0
6222,0
6223,7
6224,5
6225,3
6226,5
6227,7
6228,7
6229,6
6230,2
6231,0
6232,2
6233,7
6234,6
6235,3
6236,1
6237,3
6238,8
6239,6
6240,2
6241,0
6242,0
6243,5
6244,8
6245,3
6246,4
6247,0
6248,2
6249,5
6250,2
6251,9
6252,2
6253,5
6254,4
6255,4
6256,9
6257,2
6258,0
6259,5
6260,2
6261,2
6262,8
6263,2
6264,4
6265,4
6266,7
6267,9
6268,5
6269,7
6270,2
6271,6
6272,5
6273,0
6274,9
6275,9
6276,4
6277,4
6278,5
6279,1
6280,5
6281,1
6282,4
6283,5
6284,0
6285,0
6286,8
6287,5
6288,6
6289,9
6290,1
6291,9
6292,2
6293,3
6294,0
6295,8
6296,8
6297,5
6298,3
6299,3
6300,1
6301,1
6302,0
6303,7
6304,0
6305,6
6306,0
6307,4
6308,4
6309,6
6310,5
6311,3
6312,2
6313,9
6314,6
6315,5
6316,4
6317,9
6318,7
6319,7
6320,0
6321,8
6322,7
6323,2
6324,7
6325,7
6326,0
6327,4
6328,0
6329,1
6330,6
6331,0
6332,5
6333,3
6334,8
6335,2
6336,2
6337,9
6338,7
6339,3
6340,3
6341,2
6342,8
6343,8
6344,5
6345,6
6346,8
6347,0
6348,8
6349,0
6350,0
6351,0
6352,2
6353,0
6354,3
6355,0
6356,7
6357,7
6358,7
6359,2
6360,2
6361,0
6362,4
6363,0
6364,1
6365,7
6366,8
6367,4
6368,7
6369,9
6370,5
6371,1
6372,1
6373,0
6374,9
6375,4
6376,8
6377,9
6378,3
6379,8
6380,3
6381,1
6382,5
6383,7
6384,2
6385,5
6386,2
6387,3
6388,5
6389,5
6390,7
6391,9
6392,6
6393,5
6394,0
6395,8
6396,4
6397,5
6398,4
6399,1
6400,0
6401,7
6402,8
6403,4
6404,7
6405,1
6406,3
6407,2
6408,0
6409,9
6410,1
6411,8
6412,9
6413,6
6414,8
6415,1
6416,7
6417,1
6418,0
6419,8
6420,7
6421,6
6422,4
6423,5
6424,0
6425,0
6426,1
6427,2
6428,3
6429,1
6430,1
6431,1
6432,8
6433,8
6434,0
6435,9
6436,8
6437,0
6438,4
6439,4
6440,9
6441,5
6442,6
6443,6
6444,5
6445,1
6446,5
6447,4
6448,7
6449,8
6450,0
6451,1
6452,5
6453,8
6454,4
6455,6
6456,2
6457,5
6458,2
6459,6
6460,3
6461,4
6462,0
6463,8
6464,1
6465,3
6466,5
6467,3
6468,8
6469,9
6470,1
6471,6
6472,1
6473,9
6474,8
6475,2
6476,0
6477,5
6478,7
6479,4
6480,0
6481,0
6482,4
6483,6
6484,8
6485,9
6486,8
6487,6
6488,2
6489,8
6490,0
6491,5
6492,9
6493,1
6494,2
6495,7
6496,7
6497,2
6498,4
6499,7
6500,7
6501,9
6502,5
6503,6
6504,4
6505,4
6506,5
6507,5
6508,0
6509,9
6510,9
6511,7
6512,2
6513,5
6514,5
6515,2
6516,4
6517,7
6518,6
6519,4
6520,6
6521,4
6522,9
6523,4
6524,8
6525,5
6526,8
6527,5
6528,5
6529,2
6530,3
6531,4
6532,3
6533,2
6534,7
6535,7
6536,1
6537,5
6538,3
6539,7
6540,8
6541,8
6542,1
6543,3
6544,0
6545,0
6546,2
6547,6
6548,0
6549,0
6550,1
6551,4
6552,1
6553,3
6554,5
6555,1
6556,8
6557,9
6558,6
6559,2
6560,6
6561,9
6562,5
6563,6
6564,3
6565,9
6566,1
6567,4
6568,2
6569,9
6570,9
6571,5
6572,4
6573,7
6574,0
6575,3
6576,7
6577,1
6578,6
6579,9
6580,7
6581,9
6582,4
6583,0
6584,5
6585,1
6586,6
6587,3
6588,0
6589,2
6590,7
6591,5
6592,5
6593,2
6594,0
6595,0
6596,5
6597,9
6598,3
6599,4
6600,7
6601,2
6602,8
6603,9
6604,5
6605,6
6606,1
6607,4
6608,5
6609,5
6610,8
6611,8
6612,7
6613,8
6614,3
6615,7
6616,4
6617,4
6618,0
6619,9
6620,7
6621,4
6622,4
6623,0
6624,4
6625,4
6626,2
6627,5
6628,5
6629,0
6630,7
6631,5
6632,7
6633,0
6634,4
6635,3
6636,2
6637,7
6638,1
6639,1
6640,3
6641,0
6642,9
6643,1
6644,0
6645,6
6646,5
6647,4
6648,0
6649,9
6650,0
6651,2
6652,2
6653,2
6654,4
6655,9
6656,4
6657,7
6658,3
6659,1
6660,0
6661,4
6662,6
6663,0
6664,4
6665,5
6666,2
6667,7
6668,6
6669,2
6670,5
6671,7
6672,9
6673,2
6674,5
6675,2
6676,0
6677,5
6678,7
6679,4
6680,3
6681,8
6682,4
6683,5
6684,8
6685,1
6686,9
6687,2
6688,0
6689,8
6690,5
6691,8
6692,6
6693,6
6694,3
6695,4
6696,0
6697,3
6698,5
6699,2
6700,6
6701,1
6702,8
6703,4
6704,9
6705,2
6706,3
6707,2
6708,2
6709,5
6710,3
6711,5
6712,0
6713,5
6714,1
6715,5
6716,8
6717,0
6718,5
6719,2
6720,2
6721,2
6722,5
6723,7
6724,9
6725,8
6726,5
6727,6
6728,1
6729,1
6730,8
6731,6
6732,4
6733,5
6734,8
6735,9
6736,4
6737,7
6738,0
6739,5
6740,4
6741,9
6742,1
6743,8
6744,3
6745,7
6746,5
6747,8
6748,4
6749,9
6750,3
6751,8
6752,9
6753,2
6754,8
6755,9
6756,5
6757,4
6758,8
6759,9
6760,5
6761,5
6762,7
6763,3
6764,3
6765,8
6766,8
6767,1
6768,5
6769,3
6770,1
6771,3
6772,0
6773,2
6774,3
6775,0
6776,8
6777,5
6778,2
6779,1
6780,7
6781,6
6782,5
6783,8
6784,9
6785,6
6786,3
6787,5
6788,1
6789,1
6790,5
6791,7
6792,3
6793,5
6794,8
6795,9
6796,3
6797,0
6798,8
6799,9
6800,2
6801,6
6802,4
6803,6
6804,7
6805,1
6806,1
6807,7
6808,8
6809,6
6810,8
6811,9
6812,0
6813,6
6814,1
6815,0
6816,1
6817,1
6818,7
6819,2
6820,1
6821,3
6822,4
6823,5
6824,2
6825,3
6826,6
6827,3
6828,3
6829,8
6830,1
6831,8
6832,1
6833,6
6834,1
6835,5
6836,4
6837,5
6838,1
6839,8
6840,9
6841,1
6842,3
6843,1
6844,7
6845,2
6846,9
6847,8
6848,0
6849,4
6850,6
6851,8
6852,9
6853,3
6854,0
6855,4
6856,3
6857,2
6858,1
6859,2
6860,0
6861,8
6862,3
6863,3
6864,0
6865,3
6866,4
6867,6
6868,1
6869,8
6870,5
6871,9
6872,6
6873,2
6874,6
6875,5
6876,7
6877,0
6878,5
6879,1
6880,2
6881,4
6882,5
6883,7
6884,0
6885,0
6886,1
6887,4
6888,4
6889,5
6890,5
6891,9
6892,3
6893,3
6894,6
6895,2
6896,7
6897,8
6898,5
6899,3
6900,3
6901,4
6902,4
6903,9
6904,0
6905,4
6906,1
6907,6
6908,6
6909,4
6910,7
6911,6
6912,7
6913,3
6914,8
6915,1
6916,3
6917,6
6918,7
6919,4
6920,4
6921,6
6922,2
6923,0
6924,3
6925,5
6926,7
6927,5
6928,2
6929,5
6930,0
6931,5
6932,9
6933,3
6934,6
6935,7
6936,7
6937,8
6938,3
6939,2
6940,0
6941,7
6942,2
6943,4
6944,5
6945,5
6946,6
6947,8
6948,6
6949,0
6950,0
6951,9
6952,2
6953,0
6954,9
6955,7
6956,6
6957,6
6958,0
6959,4
6960,9
6961,0
6962,4
6963,9
6964,5
6965,6
6966,0
6967,4
6968,0
6969,2
6970,0
6971,9
6972,1
6973,5
6974,9
6975,1
6976,6
6977,5
6978,4
6979,4
6980,0
6981,2
6982,1
6983,9
6984,0
6985,0
6986,5
6987,8
6988,4
6989,7
6990,5
6991,1
6992,5
6993,5
6994,4
6995,1
6996,0
6997,7
6998,8
6999,8
7000,8
7001,1
7002,6
7003,7
7004,0
7005,8
7006,6
7007,9
7008,1
7009,3
7010,0
7011,7
7012,7
7013,1
7014,3
7015,3
7016,3
7017,9
7018,0
7019,2
7020,7
7021,9
7022,2
7023,2
7024,9
7025,6
7026,7
7027,7
7028,9
7029,4
7030,2
7031,0
7032,4
7033,8
7034,0
7035,1
7036,3
7037,3
7038,0
7039,4
7040,0
7041,4
7042,8
7043,6
7044,2
7045,3
7046,9
7047,8
7048,1
7049,2
7050,8
7051,4
7052,1
7053,1
7054,2
7055,8
7056,2
7057,6
7058,9
7059,4
7060,8
7061,4
7062,6
7063,1
7064,5
7065,4
7066,6
7067,9
7068,0
7069,0
7070,4
7071,1
7072,8
7073,9
7074,3
7075,9
7076,9
7077,0
7078,7
7079,7
7080,3
7081,4
7082,2
7083,6
7084,7
7085,5
7086,7
7087,5
7088,8
7089,7
7090,5
7091,6
7092,2
7093,2
7094,4
7095,2
7096,0
7097,7
7098,1
7099,5
7100,9
7101,6
7102,0
7103,0
7104,2
7105,0
7106,8
7107,2
7108,2
7109,4
7110,5
7111,5
7112,0
7113,9
7114,1
7115,0
7116,2
7117,6
7118,5
7119,9
7120,7
7121,9
7122,9
7123,6
7124,5
7125,5
7126,8
7127,5
7128,3
7129,1
7130,6
7131,6
7132,5
7133,1
7134,2
7135,4
7136,1
7137,5
7138,0
7139,0
7140,4
7141,3
7142,0
7143,2
7144,8
7145,5
7146,0
7147,5
7148,0
7149,5
7150,5
7151,1
7152,6
7153,7
7154,0
7155,9
7156,1
7157,5
7158,7
7159,6
7160,5
7161,5
7162,3
7163,6
7164,0
7165,0
7166,1
7167,7
7168,5
7169,1
7170,9
7171,2
7172,4
7173,6
7174,3
7175,7
7176,8
7177,2
7178,0
7179,9
7180,6
7181,6
7182,8
7183,6
7184,5
7185,8
7186,2
7187,7
7188,4
7189,0
7190,2
7191,7
7192,7
7193,8
7194,8
7195,7
7196,0
7197,8
7198,9
7199,1
7200,3
7201,5
7202,5
7203,7
7204,7
7205,6
7206,2
7207,3
7208,8
7209,0
7210,3
7211,3
7212,3
7213,4
7214,5
7215,1
7216,2
7217,0
7218,0
7219,7
7220,0
7221,3
7222,8
7223,7
7224,3
7225,1
7226,7
7227,7
7228,4
7229,5
7230,2
7231,0
7232,9
7233,6
7234,9
7235,2
7236,1
7237,7
7238,4
7239,4
7240,0
7241,5
7242,7
7243,1
7244,5
7245,4
7246,2
7247,8
7248,4
7249,9
7250,8
7251,7
7252,8
7253,4
7254,2
7255,2
7256,4
7257,0
7258,5
7259,4
7260,9
7261,0
7262,5
7263,5
7264,4
7265,5
7266,4
7267,2
7268,3
7269,7
7270,9
7271,7
7272,1
7273,4
7274,9
7275,3
7276,1
7277,4
7278,5
7279,5
7280,8
7281,5
7282,1
7283,4
7284,0
7285,9
7286,2
7287,5
7288,7
7289,0
7290,6
7291,3
7292,5
7293,7
7294,5
7295,5
7296,8
7297,9
7298,4
7299,6
7300,4
7301,6
7302,6
7303,8
7304,6
7305,6
7306,4
7307,8
7308,4
7309,1
7310,5
7311,9
7312,2
7313,3
7314,6
7315,0
7316,1
7317,6
7318,2
7319,2
7320,8
7321,2
7322,4
7323,3
7324,8
7325,4
7326,4
7327,4
7328,4
7329,0
7330,5
7331,5
7332,7
7333,6
7334,5
7335,4
7336,5
7337,6
7338,5
7339,6
7340,2
7341,4
7342,7
7343,7
7344,6
7345,6
7346,5
7347,0
7348,2
7349,3
7350,9
7351,1
7352,3
7353,8
7354,0
7355,7
7356,0
7357,6
7358,8
7359,1
7360,2
7361,8
7362,1
7363,1
7364,5
7365,4
7366,5
7367,3
7368,5
7369,5
7370,0
7371,6
7372,5
7373,0
7374,3
7375,4
7376,1
7377,3
7378,5
7379,7
7380,7
7381,4
7382,9
7383,2
7384,3
7385,9
7386,3
7387,1
7388,7
7389,6
7390,6
7391,4
7392,8
7393,4
7394,1
7395,2
7396,9
7397,4
7398,3
7399,3
7400,3
7401,5
7402,0
7403,2
7404,0
7405,7
7406,3
7407,9
7408,3
7409,8
7410,3
7411,4
7412,9
7413,1
7414,0
7415,3
7416,8
7417,4
7418,8
7419,0
7420,2
7421,3
7422,4
7423,6
7424,9
7425,2
7426,7
7427,2
7428,0
7429,7
7430,2
7431,9
7432,7
7433,5
7434,0
7435,7
7436,8
7437,2
7438,5
7439,5
7440,3
7441,8
7442,7
7443,4
7444,1
7445,6
7446,1
7447,8
7448,9
7449,3
7450,1
7451,1
7452,4
7453,9
7454,0
7455,9
7456,4
7457,5
7458,5
7459,8
7460,5
7461,9
7462,8
7463,2
7464,8
7465,0
7466,6
7467,6
7468,8
7469,6
7470,9
7471,5
7472,1
7473,1
7474,5
7475,3
7476,3
7477,0
7478,7
7479,6
7480,7
7481,4
7482,7
7483,1
7484,1
7485,8
7486,1
7487,1
7488,2
7489,3
7490,4
7491,7
7492,9
7493,5
7494,2
7495,7
7496,5
7497,7
7498,6
7499,9
7500,6
7501,9
7502,8
7503,8
7504,6
7505,7
7506,4
7507,7
7508,2
7509,5
7510,8
7511,0
7512,9
7513,9
7514,7
7515,8
7516,1
7517,5
7518,4
7519,2
7520,4
7521,2
7522,9
7523,0
7524,4
7525,8
7526,9
7527,6
7528,5
7529,5
7530,2
7531,4
7532,1
7533,0
7534,6
7535,1
7536,1
7537,4
7538,5
7539,5
7540,5
7541,2
7542,1
7543,9
7544,2
7545,3
7546,7
7547,9
7548,6
7549,5
7550,4
7551,6
7552,4
7553,9
7554,7
7555,1
7556,2
7557,5
7558,2
7559,8
7560,0
7561,2
7562,3
7563,9
7564,8
7565,1
7566,9
7567,7
7568,5
7569,3
7570,1
7571,4
7572,1
7573,1
7574,3
7575,8
7576,8
7577,1
7578,9
7579,3
7580,8
7581,9
7582,5
7583,1
7584,1
7585,6
7586,2
7587,4
7588,3
7589,6
7590,4
7591,6
7592,9
7593,6
7594,0
7595,1
7596,4
7597,9
7598,5
7599,8
7600,1
7601,8
7602,2
7603,9
7604,1
7605,4
7606,3
7607,0
7608,5
7609,9
7610,4
7611,2
7612,7
7613,9
7614,4
7615,5
7616,0
7617,2
7618,3
7619,5
7620,5
7621,8
7622,9
7623,1
7624,2
7625,7
7626,1
7627,3
7628,4
7629,6
7630,9
7631,1
7632,7
7633,7
7634,1
7635,9
7636,5
7637,8
7638,8
7639,9
7640,8
7641,6
7642,9
7643,8
7644,5
7645,0
7646,2
7647,6
7648,0
7649,5
7650,2
7651,4
7652,0
7653,8
7654,4
7655,8
7656,1
7657,5
7658,7
7659,2
7660,7
7661,9
7662,5
7663,2
7664,2
7665,9
7666,4
7667,6
7668,5
7669,4
7670,2
7671,5
7672,6
7673,6
7674,1
7675,5
7676,2
7677,6
7678,8
7679,6
7680,9
7681,0
7682,9
7683,0
7684,0
7685,9
7686,0
7687,5
7688,8
7689,0
7690,6
7691,6
7692,0
7693,7
7694,9
7695,8
7696,0
7697,5
7698,0
7699,9
7700,6
7701,0
7702,4
7703,7
7704,1
7705,7
7706,8
7707,8
7708,2
7709,3
7710,9
7711,5
7712,5
7713,3
7714,3
7715,1
7716,7
7717,5
7718,0
7719,3
7720,5
7721,2
7722,2
7723,2
7724,8
7725,4
7726,4
7727,2
7728,1
7729,9
7730,4
7731,1
7732,7
7733,0
7734,1
7735,0
7736,3
7737,0
7738,2
7739,9
7740,4
7741,5
7742,0
7743,3
7744,3
7745,7
7746,2
7747,7
7748,0
7749,1
7750,6
7751,4
7752,9
7753,9
7754,0
7755,7
7756,5
7757,6
7758,7
7759,1
7760,2
7761,3
7762,7
7763,3
7764,6
7765,8
7766,6
7767,9
7768,8
7769,4
7770,9
7771,2
7772,3
7773,4
7774,0
7775,2
7776,5
7777,6
7778,6
7779,5
7780,7
7781,5
7782,8
7783,3
7784,4
7785,2
7786,9
7787,5
7788,6
7789,3
7790,8
7791,6
7792,1
7793,8
7794,6
7795,3
7796,8
7797,4
7798,5
7799,5
7800,0
7801,4
7802,3
7803,8
7804,5
7805,9
7806,9
7807,3
7808,8
7809,7
7810,6
7811,0
7812,2
7813,3
7814,7
7815,8
7816,4
7817,6
7818,9
7819,1
7820,5
7821,2
7822,2
7823,7
7824,9
7825,3
7826,9
7827,5
7828,3
7829,0
7830,6
7831,4
7832,8
7833,8
7834,5
7835,0
7836,0
7837,7
7838,0
7839,5
7840,1
7841,6
7842,4
7843,8
7844,9
7845,2
7846,3
7847,7
7848,4
7849,0
7850,0
7851,0
7852,7
7853,4
7854,3
7855,2
7856,4
7857,3
7858,5
7859,7
7860,8
7861,7
7862,1
7863,0
7864,1
7865,5
7866,6
7867,4
7868,0
7869,0
7870,6
7871,0
7872,9
7873,0
7874,6
7875,3
7876,1
7877,0
7878,1
7879,3
7880,0
7881,3
7882,7
7883,9
7884,1
7885,3
7886,7
7887,5
7888,7
7889,1
7890,3
7891,6
7892,9
7893,1
7894,1
7895,4
7896,2
7897,0
7898,1
7899,7
7900,4
7901,1
7902,2
7903,3
7904,1
7905,3
7906,0
7907,6
7908,9
7909,9
7910,5
7911,2
7912,5
7913,8
7914,7
7915,5
7916,4
7917,6
7918,5
7919,6
7920,9
7921,7
7922,8
7923,9
7924,5
7925,0
7926,5
7927,7
7928,5
7929,0
7930,0
7931,3
7932,9
7933,3
7934,8
7935,7
7936,1
7937,1
7938,2
7939,3
7940,2
7941,2
7942,9
7943,1
7944,2
7945,6
7946,1
7947,3
7948,1
7949,8
7950,9
7951,2
7952,4
7953,1
7954,9
7955,9
7956,3
7957,4
7958,3
7959,0
7960,0
7961,4
7962,2
7963,7
7964,1
7965,7
7966,7
7967,5
7968,8
7969,6
7970,5
7971,5
7972,6
7973,1
7974,6
7975,2
7976,4
7977,8
7978,5
7979,7
7980,3
7981,5
7982,9
7983,8
7984,8
7985,5
7986,1
7987,0
7988,6
7989,3
7990,0
7991,9
7992,6
7993,2
7994,0
7995,8
7996,7
7997,1
7998,3
7999,6
8000,9
8001,1
8002,6
8003,3
8004,7
8005,1
8006,4
8007,6
8008,0
8009,3
8010,2
8011,8
8012,3
8013,8
8014,6
8015,8
8016,4
8017,0
8018,8
8019,3
8020,3
8021,1
8022,7
8023,3
8024,0
8025,5
8026,0
8027,7
8028,1
8029,7
8030,2
8031,0
8032,1
8033,3
8034,9
8035,9
8036,6
8037,1
8038,6
8039,1
8040,2
8041,3
8042,7
8043,2
8044,9
8045,3
8046,4
8047,2
8048,5
8049,1
8050,7
8051,9
8052,7
8053,1
8054,9
8055,2
8056,1
8057,1
8058,4
8059,3
8060,6
8061,0
8062,2
8063,0
8064,0
8065,9
8066,9
8067,8
8068,9
8069,4
8070,5
8071,3
8072,3
8073,0
8074,7
8075,8
8076,7
8077,4
8078,5
8079,3
8080,4
8081,6
8082,3
8083,7
8084,3
8085,2
8086,6
8087,2
8088,7
8089,9
8090,3
8091,7
8092,8
8093,4
8094,1
8095,2
8096,3
8097,1
8098,9
8099,3
8100,6
8101,8
8102,4
8103,7
8104,7
8105,0
8106,8
8107,1
8108,5
8109,2
8110,6
8111,2
8112,3
8113,6
8114,3
8115,5
8116,9
8117,8
8118,4
8119,3
8120,8
8121,0
8122,4
8123,0
8124,7
8125,8
8126,4
8127,9
8128,4
8129,4
8130,6
8131,3
8132,8
8133,8
8134,6
8135,3
8136,2
8137,2
8138,9
8139,1
8140,5
8141,3
8142,7
8143,5
8144,9
8145,1
8146,8
8147,5
8148,9
8149,9
8150,6
8151,8
8152,8
8153,8
8154,1
8155,1
8156,0
8157,1
8158,8
8159,8
8160,6
8161,5
8162,9
8163,0
8164,6
8165,1
8166,5
8167,6
8168,6
8169,6
8170,5
8171,4
8172,3
8173,3
8174,5
8175,3
8176,6
8177,8
8178,9
8179,4
8180,4
8181,3
8182,8
8183,5
8184,6
8185,0
8186,8
8187,5
8188,7
8189,8
8190,4
8191,2
8192,5
8193,5
8194,1
8195,8
8196,9
8197,8
8198,3
8199,7
8200,4
8201,3
8202,5
8203,3
8204,3
8205,2
8206,7
8207,7
8208,8
8209,4
8210,0
8211,5
8212,6
8213,6
8214,1
8215,1
8216,3
8217,1
8218,1
8219,3
8220,9
8221,7
8222,1
8223,8
8224,3
8225,0
8226,3
8227,7
8228,8
8229,2
8230,0
8231,4
8232,2
8233,4
8234,1
8235,7
8236,5
8237,7
8238,1
8239,8
8240,7
8241,3
8242,3
8243,7
8244,4
8245,5
8246,8
8247,6
8248,1
8249,1
8250,6
8251,3
8252,2
8253,2
8254,8
8255,9
8256,8
8257,3
8258,0
8259,8
8260,1
8261,8
8262,0
8263,5
8264,2
8265,0
8266,3
8267,5
8268,5
8269,2
8270,6
8271,3
8272,1
8273,6
8274,6
8275,5
8276,9
8277,7
8278,8
8279,5
8280,4
8281,5
8282,1
8283,1
8284,6
8285,9
8286,2
8287,8
8288,5
8289,5
8290,8
8291,4
8292,9
8293,0
8294,8
8295,3
8296,3
8297,1
8298,5
8299,3
8300,3
8301,5
8302,3
8303,0
8304,1
8305,4
8306,6
8307,4
8308,5
8309,3
8310,3
8311,8
8312,0
8313,4
8314,6
8315,6
8316,5
8317,3
8318,3
8319,5
8320,7
8321,4
8322,4
8323,9
8324,3
8325,4
8326,5
8327,7
8328,4
8329,8
8330,5
8331,2
8332,9
8333,2
8334,6
8335,5
8336,3
8337,5
8338,6
8339,8
8340,5
8341,3
8342,1
8343,5
8344,7
8345,9
8346,3
8347,1
8348,6
8349,4
8350,9
8351,2
8352,5
8353,7
8354,4
8355,9
8356,1
8357,6
8358,0
8359,2
8360,7
8361,8
8362,7
8363,5
8364,9
8365,6
8366,1
8367,6
8368,6
8369,4
8370,4
8371,2
8372,3
8373,8
8374,4
8375,4
8376,0
8377,8
8378,3
8379,8
8380,9
8381,3
8382,3
8383,2
8384,5
8385,1
8386,5
8387,0
8388,1
8389,1
8390,1
8391,1
8392,6
8393,8
8394,7
8395,1
8396,3
8397,0
8398,4
8399,2
8400,0
8401,5
8402,0
8403,6
8404,4
8405,0
8406,9
8407,8
8408,6
8409,8
8410,3
8411,8
8412,2
8413,9
8414,6
8415,0
8416,6
8417,1
8418,8
8419,2
8420,6
8421,2
8422,2
8423,6
8424,5
8425,2
8426,9
8427,4
8428,4
8429,4
8430,9
8431,8
8432,3
8433,3
8434,9
8435,3
8436,3
8437,7
8438,1
8439,8
8440,5
8441,8
8442,6
8443,7
8444,5
8445,1
8446,5
8447,7
8448,4
8449,4
8450,9
8451,2
8452,4
8453,9
8454,7
8455,1
8456,4
8457,4
8458,5
8459,9
8460,8
8461,7
8462,3
8463,4
8464,6
8465,9
8466,5
8467,3
8468,6
8469,5
8470,8
8471,8
8472,2
8473,0
8474,4
8475,9
8476,6
8477,5
8478,5
8479,4
8480,2
8481,3
8482,1
8483,0
8484,7
8485,0
8486,7
8487,2
8488,7
8489,1
8490,5
8491,7
8492,9
8493,5
8494,1
8495,1
8496,0
8497,4
8498,1
8499,9
8500,4
8501,8
8502,1
8503,1
8504,1
8505,5
8506,9
8507,8
8508,1
8509,6
8510,7
8511,2
8512,9
8513,1
8514,2
8515,8
8516,8
8517,1
8518,4
8519,7
8520,8
8521,8
8522,1
8523,6
8524,8
8525,3
8526,3
8527,1
8528,3
8529,0
8530,8
8531,8
8532,4
8533,6
8534,6
8535,7
8536,0
8537,0
8538,5
8539,6
8540,4
8541,8
8542,6
8543,0
8544,6
8545,6
8546,4
8547,6
8548,7
8549,9
8550,8
8551,8
8552,6
8553,3
8554,0
8555,5
8556,7
8557,3
8558,2
8559,1
8560,7
8561,8
8562,6
8563,0
8564,1
8565,7
8566,8
8567,8
8568,7
8569,6
8570,6
8571,7
8572,0
8573,4
8574,4
8575,9
8576,4
8577,3
8578,5
8579,1
8580,5
8581,8
8582,6
8583,8
8584,1
8585,9
8586,4
8587,7
8588,6
8589,3
8590,0
8591,6
8592,0
8593,1
8594,3
8595,9
8596,1
8597,5
8598,3
8599,4
8600,3
8601,3
8602,8
8603,1
8604,6
8605,6
8606,1
8607,9
8608,8
8609,6
8610,2
8611,7
8612,4
8613,6
8614,8
8615,9
8616,6
8617,4
8618,5
8619,7
8620,3
8621,1
8622,4
8623,1
8624,9
8625,5
8626,3
8627,7
8628,7
8629,7
8630,5
8631,5
8632,8
8633,2
8634,6
8635,6
8636,6
8637,4
8638,0
8639,7
8640,1
8641,7
8642,6
8643,0
8644,3
8645,0
8646,2
8647,4
8648,1
8649,2
8650,2
8651,4
8652,9
8653,8
8654,3
8655,8
8656,7
8657,5
8658,5
8659,4
8660,5
8661,2
8662,5
8663,1
8664,5
8665,3
8666,0
8667,4
8668,4
8669,4
8670,9
8671,4
8672,4
8673,9
8674,1
8675,7
8676,0
8677,3
8678,8
8679,8
8680,3
8681,2
8682,5
8683,7
8684,0
8685,7
8686,9
8687,6
8688,8
8689,6
8690,8
8691,4
8692,5
8693,9
8694,0
8695,4
8696,8
8697,5
8698,4
8699,5
8700,5
8701,8
8702,0
8703,4
8704,8
8705,6
8706,7
8707,2
8708,2
8709,1
8710,7
8711,4
8712,1
8713,3
8714,4
8715,2
8716,0
8717,8
8718,7
8719,5
8720,0
8721,6
8722,7
8723,4
8724,6
8725,8
8726,7
8727,9
8728,5
8729,5
8730,2
8731,9
8732,8
8733,7
8734,2
8735,3
8736,3
8737,7
8738,4
8739,0
8740,2
8741,0
8742,5
8743,9
8744,1
8745,5
8746,5
8747,2
8748,6
8749,5
8750,9
8751,1
8752,5
8753,7
8754,3
8755,6
8756,2
8757,3
8758,7
8759,7
8760,8
8761,0
8762,8
8763,9
8764,1
8765,2
8766,5
8767,7
8768,2
8769,0
8770,3
8771,6
8772,1
8773,2
8774,4
8775,3
8776,5
8777,0
8778,2
8779,5
8780,4
8781,2
8782,5
8783,5
8784,4
8785,8
8786,3
8787,4
8788,5
8789,5
8790,0
8791,6
8792,6
8793,7
8794,5
8795,0
8796,9
8797,9
8798,6
8799,1
8800,2
8801,4
8802,6
8803,7
8804,7
8805,9
8806,2
8807,6
8808,6
8809,3
8810,5
8811,1
8812,0
8813,1
8814,9
8815,2
8816,7
8817,5
8818,3
8819,0
8820,0
8821,7
8822,6
8823,4
8824,3
8825,9
8826,8
8827,2
8828,6
8829,0
8830,9
8831,5
8832,4
8833,6
8834,8
8835,7
8836,4
8837,1
8838,8
8839,1
8840,3
8841,0
8842,4
8843,8
8844,5
8845,2
8846,6
8847,4
8848,5
8849,9
8850,9
8851,0
8852,7
8853,4
8854,8
8855,4
8856,0
8857,9
8858,6
8859,2
8860,2
8861,5
8862,0
8863,5
8864,9
8865,7
8866,1
8867,8
8868,3
8869,5
8870,5
8871,9
8872,4
8873,5
8874,2
8875,8
8876,9
8877,1
8878,8
8879,9
8880,1
8881,6
8882,3
8883,8
8884,7
8885,3
8886,3
8887,4
8888,8
8889,4
8890,8
8891,9
8892,8
8893,6
8894,0
8895,0
8896,8
8897,2
8898,7
8899,4
8900,2
8901,5
8902,6
8903,0
8904,5
8905,8
8906,4
8907,1
8908,9
8909,0
8910,1
8911,4
8912,4
8913,8
8914,4
8915,9
8916,6
8917,0
8918,7
8919,7
8920,6
8921,0
8922,9
8923,6
8924,2
8925,0
8926,4
8927,9
8928,4
8929,9
8930,3
8931,9
8932,5
8933,6
8934,7
8935,0
8936,9
8937,7
8938,1
8939,2
8940,4
8941,0
8942,6
8943,4
8944,4
8945,1
8946,9
8947,4
8948,3
8949,7
8950,9
8951,8
8952,3
8953,9
8954,4
8955,1
8956,2
8957,7
8958,6
8959,1
8960,0
8961,0
8962,9
8963,6
8964,0
8965,4
8966,3
8967,2
8968,8
8969,8
8970,0
8971,6
8972,5
8973,3
8974,2
8975,8
8976,3
8977,8
8978,6
8979,5
8980,9
8981,2
8982,2
8983,5
8984,6
8985,0
8986,6
8987,2
8988,2
8989,4
8990,1
8991,8
8992,5
8993,9
8994,8
8995,9
8996,7
8997,5
8998,9
8999,3
9000,8
9001,1
9002,6
9003,4
9004,7
9005,3
9006,6
9007,2
9008,0
9009,6
9010,5
9011,2
9012,8
9013,7
9014,7
9015,8
9016,1
9017,0
9018,9
9019,9
9020,7
9021,0
9022,3
9023,8
9024,0
9025,2
9026,9
9027,5
9028,8
9029,7
9030,2
9031,4
9032,9
9033,7
9034,3
9035,4
9036,4
9037,9
9038,4
9039,6
9040,2
9041,3
9042,1
9043,3
9044,2
9045,0
9046,0
9047,4
9048,0
9049,6
9050,3
9051,8
9052,0
9053,5
9054,8
9055,6
9056,4
9057,8
9058,5
9059,5
9060,9
9061,7
9062,9
9063,7
9064,1
9065,4
9066,1
9067,9
9068,3
9069,1
9070,3
9071,5
9072,9
9073,6
9074,4
9075,0
9076,6
9077,2
9078,4
9079,1
9080,5
9081,7
9082,3
9083,8
9084,5
9085,9
9086,0
9087,5
9088,3
9089,3
9090,2
9091,7
9092,6
9093,4
9094,2
9095,5
9096,9
9097,0
9098,5
9099,1
9100,9
9101,8
9102,7
9103,5
9104,4
9105,8
9106,6
9107,2
9108,2
9109,3
9110,1
9111,0
9112,4
9113,1
9114,8
9115,8
9116,4
9117,9
9118,3
9119,4
9120,4
9121,3
9122,5
9123,2
9124,0
9125,1
9126,8
9127,8
9128,3
9129,4
9130,8
9131,3
9132,2
9133,9
9134,5
9135,7
9136,6
9137,2
9138,5
9139,4
9140,7
9141,3
9142,3
9143,9
9144,0
9145,1
9146,5
9147,3
9148,5
9149,0
9150,6
9151,0
9152,4
9153,5
9154,2
9155,5
9156,6
9157,3
9158,8
9159,9
9160,3
9161,6
9162,1
9163,4
9164,5
9165,4
9166,6
9167,7
9168,2
9169,8
9170,9
9171,2
9172,0
9173,4
9174,9
9175,8
9176,8
9177,9
9178,1
9179,1
9180,5
9181,0
9182,0
9183,8
9184,7
9185,1
9186,7
9187,4
9188,5
9189,3
9190,4
9191,3
9192,2
9193,8
9194,6
9195,6
9196,0
9197,1
9198,3
9199,9
9200,8
9201,3
9202,7
9203,8
9204,8
9205,4
9206,8
9207,9
9208,0
9209,1
9210,7
9211,1
9212,6
9213,2
9214,9
9215,5
9216,3
9217,9
9218,5
9219,9
9220,8
9221,7
9222,4
9223,1
9224,6
9225,8
9226,3
9227,9
9228,3
9229,1
9230,4
9231,4
9232,1
9233,8
9234,6
9235,0
9236,9
9237,2
9238,9
9239,8
9240,8
9241,6
9242,7
9243,3
9244,7
9245,1
9246,7
9247,9
9248,0
9249,9
9250,5
9251,6
9252,7
9253,0
9254,5
9255,8
9256,0
9257,5
9258,5
9259,7
9260,5
9261,5
9262,3
9263,6
9264,5
9265,1
9266,8
9267,4
9268,7
9269,3
9270,9
9271,0
9272,0
9273,2
9274,0
9275,8
9276,7
9277,5
9278,7
9279,8
9280,9
9281,8
9282,2
9283,9
9284,7
9285,8
9286,7
9287,9
9288,3
9289,5
9290,4
9291,0
9292,7
9293,7
9294,7
9295,3
9296,8
9297,2
9298,1
9299,7
9300,3
9301,5
9302,5
9303,9
9304,5
9305,7
9306,8
9307,7
9308,5
9309,5
9310,3
9311,5
9312,9
9313,7
9314,6
9315,7
9316,3
9317,4
9318,4
9319,5
9320,9
9321,4
9322,2
9323,1
9324,9
9325,6
9326,0
9327,2
9328,6
9329,7
9330,4
9331,7
9332,9
9333,2
9334,7
9335,4
9336,5
9337,1
9338,3
9339,1
9340,1
9341,8
9342,6
9343,8
9344,2
9345,1
9346,5
9347,8
9348,5
9349,8
9350,2
9351,1
9352,8
9353,5
9354,0
9355,3
9356,0
9357,9
9358,2
9359,6
9360,3
9361,8
9362,9
9363,3
9364,5
9365,6
9366,2
9367,9
9368,1
9369,4
9370,5
9371,0
9372,7
9373,1
9374,7
9375,4
9376,5
9377,4
9378,9
9379,7
9380,5
9381,5
9382,9
9383,0
9384,4
9385,3
9386,2
9387,1
9388,3
9389,8
9390,7
9391,9
9392,2
9393,4
9394,4
9395,7
9396,2
9397,6
9398,1
9399,7
9400,6
9401,9
9402,6
9403,9
9404,3
9405,8
9406,5
9407,6
9408,6
9409,9
9410,5
9411,7
9412,8
9413,0
9414,3
9415,4
9416,7
9417,4
9418,8
9419,2
9420,5
9421,5
9422,5
9423,4
9424,2
9425,6
9426,6
9427,1
9428,5
9429,7
9430,4
9431,5
9432,1
9433,3
9434,7
9435,3
9436,6
9437,5
9438,7
9439,0
9440,8
9441,5
9442,4
9443,2
9444,7
9445,7
9446,3
9447,4
9448,3
9449,9
9450,6
9451,8
9452,8
9453,3
9454,4
9455,1
9456,6
9457,1
9458,7
9459,0
9460,3
9461,4
9462,2
9463,1
9464,7
9465,5
9466,8
9467,7
9468,7
9469,0
9470,9
9471,4
9472,8
9473,0
9474,8
9475,2
9476,8
9477,5
9478,7
9479,7
9480,2
9481,2
9482,0
9483,0
9484,9
9485,7
9486,2
9487,1
9488,6
9489,6
9490,8
9491,8
9492,9
9493,0
9494,9
9495,0
9496,1
9497,2
9498,3
9499,0
9500,9
9501,2
9502,6
9503,4
9504,6
9505,4
9506,7
9507,0
9508,8
9509,4
9510,1
9511,4
9512,0
9513,7
9514,5
9515,0
9516,9
9517,9
9518,9
9519,9
9520,9
9521,2
9522,2
9523,3
9524,4
9525,2
9526,9
9527,3
9528,2
9529,3
9530,6
9531,6
9532,8
9533,0
9534,6
9535,9
9536,3
9537,6
9538,8
9539,0
9540,5
9541,4
9542,9
9543,5
9544,0
9545,9
9546,6
9547,4
9548,6
9549,4
9550,6
9551,3
9552,9
9553,7
9554,7
9555,4
9556,5
9557,5
9558,0
9559,1
9560,6
9561,0
9562,3
9563,7
9564,9
9565,0
9566,0
9567,7
9568,8
9569,6
9570,7
9571,6
9572,8
9573,3
9574,4
9575,5
9576,3
9577,0
9578,3
9579,6
9580,1
9581,7
9582,5
9583,9
9584,3
9585,4
9586,5
9587,9
9588,1
9589,5
9590,3
9591,1
9592,1
9593,9
9594,9
9595,7
9596,5
9597,4
9598,9
9599,7
9600,8
9601,6
9602,8
9603,5
9604,8
9605,5
9606,3
9607,4
9608,0
9609,1
9610,4
9611,8
9612,7
9613,4
9614,6
9615,6
9616,3
9617,8
9618,1
9619,8
9620,4
9621,6
9622,2
9623,9
9624,2
9625,2
9626,1
9627,4
9628,9
9629,1
9630,6
9631,7
9632,2
9633,8
9634,1
9635,4
9636,6
9637,2
9638,5
9639,2
9640,5
9641,3
9642,0
9643,0
9644,0
9645,1
9646,7
9647,5
9648,3
9649,3
9650,8
9651,7
9652,5
9653,6
9654,7
9655,8
9656,0
9657,3
9658,9
9659,4
9660,6
9661,5
9662,1
9663,9
9664,0
9665,3
9666,3
9667,9
9668,4
9669,8
9670,1
9671,7
9672,7
9673,9
9674,9
9675,4
9676,0
9677,6
9678,5
9679,3
9680,8
9681,3
9682,7
9683,6
9684,7
9685,2
9686,2
9687,1
9688,3
9689,9
9690,2
9691,2
9692,9
9693,3
9694,6
9695,0
9696,1
9697,8
9698,7
9699,9
9700,0
9701,4
9702,7
9703,4
9704,5
9705,6
9706,9
9707,5
9708,1
9709,9
9710,7
9711,4
9712,5
9713,8
9714,1
9715,4
9716,5
9717,9
9718,8
9719,8
9720,8
9721,3
9722,3
9723,7
9724,0
9725,8
9726,9
9727,0
9728,2
9729,6
9730,3
9731,2
9732,9
9733,7
9734,4
9735,6
9736,8
9737,5
9738,6
9739,1
9740,2
9741,5
9742,9
9743,1
9744,9
9745,3
9746,0
9747,0
9748,3
9749,0
9750,3
9751,1
9752,7
9753,7
9754,9
9755,5
9756,4
9757,3
9758,5
9759,5
9760,5
9761,5
9762,6
9763,1
9764,2
9765,4
9766,0
9767,2
9768,7
9769,8
9770,4
9771,4
9772,0
9773,9
9774,5
9775,9
9776,2
9777,0
9778,3
9779,2
9780,2
9781,3
9782,2
9783,2
9784,8
9785,8
9786,1
9787,0
9788,1
9789,0
9790,8
9791,6
9792,9
9793,3
9794,5
9795,5
9796,9
9797,1
9798,5
9799,7
9800,1
9801,3
9802,0
9803,1
9804,5
9805,0
9806,8
9807,1
9808,1
9809,5
9810,8
9811,1
9812,5
9813,1
9814,8
9815,2
9816,1
9817,9
9818,0
9819,5
9820,0
9821,4
9822,0
9823,3
9824,9
9825,4
9826,0
9827,4
9828,9
9829,5
9830,1
9831,2
9832,4
9833,7
9834,0
9835,7
9836,0
9837,4
9838,5
9839,3
9840,7
9841,0
9842,4
9843,1
9844,5
9845,9
9846,8
9847,0
9848,2
9849,2
9850,4
9851,6
9852,0
9853,5
9854,9
9855,3
9856,5
9857,1
9858,4
9859,6
9860,0
9861,6
9862,1
9863,6
9864,8
9865,1
9866,0
9867,8
9868,9
9869,7
9870,2
9871,9
9872,0
9873,2
9874,0
9875,9
9876,0
9877,2
9878,2
9879,4
9880,7
9881,9
9882,9
9883,7
9884,8
9885,8
9886,4
9887,5
9888,0
9889,8
9890,0
9891,2
9892,5
9893,2
9894,1
9895,4
9896,4
9897,8
9898,0
9899,7
9900,8
9901,2
9902,8
9903,6
9904,0
9905,1
9906,1
9907,1
9908,8
9909,1
9910,4
9911,4
9912,0
9913,7
9914,8
9915,2
9916,1
9917,2
9918,8
9919,4
9920,6
9921,0
9922,5
9923,7
9924,8
9925,4
9926,4
9927,9
9928,2
9929,8
9930,8
9931,0
9932,8
9933,7
9934,4
9935,1
9936,8
9937,4
9938,9
9939,5
9940,5
9941,1
9942,7
9943,3
9944,7
9945,7
9946,0
9947,6
9948,8
9949,5
9950,4
9951,0
9952,5
9953,4
9954,0
9955,8
9956,0
9957,0
9958,9
9959,3
9960,0
9961,3
9962,7
9963,8
9964,5
9965,5
9966,6
9967,3
9968,5
9969,3
9970,2
9971,9
9972,4
9973,0
9974,1
9975,7
9976,5
9977,5
9978,4
9979,3
9980,0
9981,7
9982,6
9983,1
9984,7
9985,3
9986,8
9987,0
9988,8
9989,4
9990,7
9991,0
9992,3
9993,3
9994,3
9995,8
9996,3
9997,5
9998,1
9999,7
